EmpID,Diversity and Inclusion Index,WorkPlace Equality Index,Accesibility Index,COC Effect,Hygiene and Work Environment Metrics,Yearly Health Workshops,DEI Workshops,Reacreational Activities Time Min,Corporate Wellness Metrics
619-51-3328,15,10,0,1,5,1,10,11,8.59
262-15-1956,2,3,4,0,3,2,2,10,3.61
388-46-9630,18,8,5,0,1,9,7,69,18.22
479-74-8924,1,1,1,0,1,8,7,62,11.03
527-37-4349,14,18,4,1,4,2,10,85,21.42
700-51-9763,7,17,4,1,2,12,9,3,7.8
722-12-5639,6,17,5,1,4,7,5,108,22.97
385-59-3162,2,17,5,0,1,5,4,33,10.11
394-32-2540,4,2,3,0,0,3,5,90,15.72
180-31-5192,8,18,4,1,2,10,6,113,24.42
833-29-6691,10,13,0,0,0,11,4,108,22.49
771-35-6044,15,19,0,1,4,1,8,120,26.53
484-62-6777,20,16,5,1,3,11,4,26,14.17
391-66-8668,19,13,1,1,3,10,8,88,22.33
245-83-6821,20,2,2,1,1,5,2,17,8.86
832-96-3986,6,13,4,0,5,10,4,43,12.6
114-30-8786,9,12,2,1,4,7,3,113,23.07
341-05-7098,19,8,4,0,0,1,9,64,16.89
872-44-3328,12,13,5,1,3,3,9,16,9.6
763-02-9977,3,10,0,0,5,12,7,59,13.58
751-95-8286,15,13,4,1,1,3,9,92,21.43
167-09-6640,4,17,5,0,0,3,3,20,8.32
728-69-7851,17,5,2,0,3,10,3,7,7.88
860-67-9453,4,2,2,0,4,7,8,30,7.57
287-66-3637,20,9,2,0,5,1,3,0,7.79
793-17-2650,10,16,0,0,3,9,3,1,7.14
783-02-1619,11,13,1,0,1,2,9,50,13.69
837-89-6622,8,14,2,0,1,6,6,75,17.2
453-24-4906,3,4,2,1,1,12,6,100,18.29
234-48-2595,10,9,2,0,1,1,3,32,9.65
362-04-1954,7,5,2,1,2,11,7,46,11.46
652-09-8808,18,8,3,1,4,11,9,70,18.83
223-66-4294,13,1,0,0,4,1,6,36,9.68
805-34-5337,20,1,0,0,4,7,10,5,7.52
269-65-6798,6,8,5,0,1,3,4,68,14.38
627-59-8025,19,2,5,1,4,4,5,102,22.05
774-85-9467,8,10,3,0,5,3,8,89,18.87
489-93-5871,12,8,2,1,5,10,9,82,19.05
131-74-7701,20,17,4,0,2,1,2,114,26.31
832-43-7275,3,8,0,1,4,7,10,116,21.37
110-64-9611,3,13,4,1,5,6,7,68,15.44
364-07-3857,15,3,2,0,0,6,4,24,8.89
379-44-6968,3,8,3,1,5,7,3,57,12.58
190-74-2766,15,6,5,0,0,2,3,9,7.13
851-75-4023,12,12,4,1,1,4,3,113,23.42
355-57-8632,3,8,0,0,4,11,8,49,11.53
692-32-4274,20,5,3,1,5,12,1,68,18.23
245-61-6029,15,17,0,0,3,4,5,93,22.04
184-35-0434,8,14,1,1,1,10,4,109,22.51
222-10-1304,12,14,3,1,4,11,9,119,25.88
753-48-5430,17,6,0,1,0,3,9,56,14.62
671-14-3552,5,19,1,0,4,3,10,20,9.36
305-30-3738,16,17,0,1,4,5,6,112,25.44
553-09-1005,6,10,2,0,5,4,1,72,15.46
121-78-4208,8,6,4,1,2,12,9,43,11.85
594-75-3711,7,12,5,1,2,3,3,35,10.59
467-85-3870,1,1,2,0,0,3,7,36,6.67
380-78-0274,10,19,0,1,4,4,7,40,13.5
483-97-6662,4,20,0,0,2,12,6,90,20.1
682-59-2742,4,7,5,1,5,6,7,23,7.84
717-75-7968,14,1,4,1,0,1,3,85,17.14
325-21-9619,9,18,4,0,5,6,5,26,11.49
664-46-5045,15,5,0,1,0,4,2,110,21.76
241-18-3696,15,19,2,1,2,10,10,99,24.27
734-60-4732,12,17,0,1,3,5,6,77,19.08
389-83-3341,19,10,3,1,1,2,10,50,15.39
722-99-4130,16,4,3,0,3,11,9,13,8.82
484-29-5794,4,19,3,0,2,4,1,69,16.08
644-78-6787,6,5,0,1,5,11,8,111,21.14
340-65-4320,13,19,5,1,3,12,2,36,14.51
421-96-9008,20,10,0,0,5,1,9,116,25.49
439-01-2577,16,9,5,0,2,10,5,6,8.57
356-65-9544,2,12,0,0,3,1,7,92,17.47
522-17-2473,3,15,3,0,1,9,5,40,11.22
846-21-3275,1,15,5,0,4,5,6,75,16.19
264-59-3547,7,20,2,1,4,11,3,61,16.73
289-37-8623,18,6,2,0,2,12,9,2,7.95
486-24-7101,16,20,3,0,5,6,9,67,19.89
572-76-6388,9,7,5,0,4,12,10,77,17.72
698-84-7290,17,7,5,0,2,8,7,28,11.64
125-28-6940,9,2,2,0,3,7,8,61,13.36
303-05-8271,14,12,0,1,2,10,7,27,11.47
478-06-4299,16,12,1,0,0,1,6,17,9.44
233-18-5047,3,15,3,0,3,10,8,31,10.33
281-12-4721,16,11,4,0,1,11,3,41,14
290-09-2503,9,16,5,1,1,10,8,43,13.86
324-15-4305,19,9,5,0,5,9,7,59,17.61
739-82-8145,1,10,0,1,1,8,1,85,15.93
572-45-4226,16,12,1,1,5,6,3,79,19.64
128-55-4312,19,20,3,1,1,12,10,54,18.89
889-07-1040,20,9,4,0,1,10,2,85,21.06
805-60-2039,17,2,5,0,0,4,8,120,23.91
624-41-9651,1,19,2,0,3,4,2,32,9.84
420-70-7277,2,9,1,1,3,3,10,63,13
733-68-3802,8,11,1,1,5,3,5,54,13.52
221-47-2870,6,17,0,0,3,9,2,22,9.44
557-95-8752,16,14,2,0,5,3,6,112,24.92
679-20-3452,6,2,1,1,0,11,6,18,6.04
898-60-7927,13,17,2,0,4,10,6,18,11.19
582-02-0057,18,1,1,0,2,3,4,99,20.34
337-21-3249,19,13,3,0,4,9,8,63,18.75
689-53-0416,16,15,3,0,3,4,8,10,9.89
291-31-9214,19,17,3,1,5,11,9,113,27.44
103-48-8949,6,9,2,0,2,2,10,72,15.2
393-74-2259,19,17,0,1,5,11,7,120,28.09
277-86-5108,2,11,2,0,3,11,10,35,9.97
808-66-7639,12,10,0,1,0,8,8,7,7.22
205-19-2596,15,5,4,0,0,12,2,85,19.08
311-37-2045,12,19,3,0,0,8,6,58,16.82
618-74-1973,9,1,2,1,0,8,7,78,15.47
298-55-8193,8,1,3,1,1,5,8,113,20.46
439-53-6005,7,6,2,1,4,8,5,92,18.41
606-76-6531,13,20,3,1,2,9,6,35,14.18
487-77-2868,11,9,2,0,1,12,2,37,11.59
140-69-2133,7,12,2,1,3,7,10,34,10.96
826-96-7247,15,19,1,0,1,2,7,72,19.09
557-85-2983,20,15,3,1,2,3,5,114,26.19
301-58-0029,9,11,0,0,3,11,2,10,7.37
550-32-7846,16,19,5,1,4,3,6,106,25.26
716-64-8832,12,17,0,1,5,10,7,13,10.2
871-34-7288,2,10,1,1,2,7,8,39,9.75
346-39-9147,8,14,3,0,4,7,9,18,9.32
469-89-3373,6,14,5,0,3,2,2,5,6.16
808-09-3486,19,9,2,0,2,12,8,18,11.15
835-57-2153,11,20,0,1,3,7,7,71,18.76
556-17-0259,7,20,3,1,4,8,2,84,19.96
709-87-6101,13,2,2,1,5,6,5,39,11.09
742-02-4596,2,15,1,1,0,9,1,14,6.61
545-89-5710,2,18,3,1,5,11,8,92,20.19
164-79-4017,18,14,4,0,4,11,1,100,24.18
428-87-6767,10,3,3,1,2,6,3,83,16.81
541-44-6686,20,6,1,0,4,3,8,43,13.86
769-36-0601,7,5,4,1,2,11,5,89,18.01
223-53-5667,6,19,1,1,1,4,7,20,9.27
422-06-7284,1,19,1,1,3,3,9,7,6.3
511-77-4543,13,13,3,0,0,7,10,107,23.33
468-80-7819,20,20,2,0,5,2,4,21,13.28
762-45-5216,8,13,2,0,4,1,7,55,13.93
685-17-7402,17,6,3,0,4,7,8,120,25.22
371-87-3589,10,1,0,1,3,4,1,46,10.39
860-68-0820,16,17,2,0,1,8,3,15,10.83
497-80-7871,13,17,1,0,2,12,9,28,12.7
490-08-3512,6,15,2,0,3,4,8,85,18.54
708-21-2170,10,9,3,0,1,11,9,29,10.5
555-32-3546,1,17,1,0,4,11,1,110,21.73
339-01-1484,13,12,2,1,3,2,10,51,14.56
511-53-3547,13,2,3,1,5,6,5,9,6.69
597-50-1267,17,11,0,1,1,6,10,36,13.05
345-96-5039,15,14,5,1,1,3,6,54,15.88
530-72-0362,5,20,4,0,2,1,10,21,9.61
368-25-5168,5,2,1,1,5,9,4,111,20.01
403-76-2228,2,17,0,1,2,10,6,27,9.42
200-52-6696,10,2,0,1,3,6,9,1,4.42
288-15-3288,9,14,0,0,2,7,5,28,10.35
774-13-5170,1,6,1,1,1,4,4,69,12.62
891-93-3002,15,4,5,1,3,5,10,118,24.08
781-89-2678,16,11,0,1,0,1,10,29,11.19
785-53-8498,18,1,0,1,5,9,9,15,8.81
248-96-0005,16,3,0,1,4,4,4,94,19.75
409-09-7952,11,15,0,0,3,6,10,106,23.02
729-11-0760,11,3,2,1,5,9,3,69,15.46
402-14-2441,20,13,5,1,2,4,9,41,15.33
547-43-3191,5,11,5,1,1,7,1,58,13.49
714-34-1163,9,7,2,0,0,6,4,90,18.09
796-40-3771,6,16,5,0,4,11,9,12,8.88
445-07-0989,11,16,2,1,5,3,10,30,12.02
439-58-6795,17,9,3,1,1,5,5,102,22.51
331-27-4655,5,8,2,1,1,1,8,56,12.1
817-40-4786,15,11,2,0,0,2,3,67,16.53
182-52-0176,18,11,0,0,4,7,2,29,12.22
165-06-2401,15,8,4,1,2,9,1,80,18.88
801-83-1506,10,20,2,1,0,11,9,19,11.04
294-26-7671,20,14,3,0,1,5,4,80,20.86
640-78-3602,18,7,1,0,3,1,9,98,21.57
713-38-9733,13,4,0,1,3,5,2,17,7.53
831-09-8162,16,16,4,1,1,3,5,83,20.73
829-19-2408,13,1,0,1,0,12,4,53,12.73
723-06-2076,8,2,2,0,5,11,7,37,10.04
640-01-7055,7,12,0,1,2,3,10,61,14.34
714-35-4189,7,15,3,1,1,1,2,27,9.45
897-37-4431,3,15,5,1,4,5,5,83,17.89
811-86-7613,12,2,0,0,0,6,3,21,7.24
368-12-6826,2,12,3,0,4,9,6,111,21.4
536-38-7607,12,10,0,1,4,6,9,65,16.23
422-35-8487,19,3,4,0,3,4,9,93,20.84
588-02-8026,7,1,4,0,2,1,5,18,5.61
677-10-6833,16,18,2,1,1,12,7,89,22.74
385-81-8581,12,13,0,0,0,7,2,29,10.68
173-70-1880,17,16,3,1,0,10,4,68,19.1
828-61-6082,6,18,2,0,5,9,10,2,7.46
651-62-5522,12,10,3,1,5,10,5,9,8.4
549-19-6100,9,16,2,1,1,9,4,10,8.32
296-07-8199,10,12,4,0,3,4,9,37,11.99
640-06-5483,12,4,4,1,0,4,10,34,10.21
847-11-1552,12,15,5,1,2,3,1,110,23.59
556-51-1847,9,12,4,0,3,1,3,68,15.82
374-15-6121,20,17,5,1,4,11,6,107,26.73
849-63-1875,11,6,2,0,3,7,6,83,17.86
572-22-3824,12,19,0,0,5,7,7,98,23.03
804-42-1778,6,8,5,0,5,6,4,70,15.39
803-88-5844,10,18,1,0,5,8,3,64,17.22
827-96-4253,15,3,2,0,1,4,2,48,12.32
492-71-3099,5,5,4,0,3,3,3,108,19.6
700-05-5703,10,3,1,0,1,6,6,15,6.4
760-72-6455,11,17,2,1,2,11,8,49,15.36
554-21-4563,4,5,0,1,1,10,6,103,18.81
186-74-5445,19,7,5,0,0,12,4,113,24.88
452-70-5102,9,18,3,1,1,8,7,2,7.68
488-61-6938,18,7,2,0,4,5,2,88,20.29
478-18-0264,2,10,0,1,3,1,5,60,12.22
332-38-5774,8,10,1,1,4,10,1,88,18.74
413-94-4324,4,10,2,0,1,9,1,105,19.92
531-95-0107,6,11,3,0,5,10,6,87,18.8
722-61-6415,16,5,1,1,4,2,10,119,24.12
442-55-1713,19,4,3,0,1,12,6,15,9.59
287-81-2079,6,19,2,1,4,9,1,64,16.45
108-46-8846,5,3,1,1,2,5,5,87,15.97
838-54-6923,4,13,0,0,0,10,5,52,12.55
290-63-7823,15,6,0,1,1,6,1,4,6.3
568-91-6935,12,11,4,0,2,9,7,18,9.68
869-95-4101,20,4,3,0,2,7,7,53,15.25
228-54-4036,2,6,0,1,2,2,8,39,8.4
838-48-8787,18,19,1,1,4,5,9,63,19.24
849-04-6188,8,2,5,1,3,10,2,9,5.63
787-64-3880,8,11,0,1,3,1,9,20,8.12
378-29-9637,12,11,1,0,5,2,2,49,13.48
178-42-7033,5,14,0,0,0,8,4,46,11.87
683-91-5529,16,5,1,0,5,7,10,3,7.23
405-02-7662,18,11,3,0,1,11,2,16,10.6
158-39-1642,2,10,4,0,4,10,7,108,20.79
258-28-7706,5,15,2,1,1,8,9,89,19.13
133-97-9833,18,13,4,0,0,12,4,4,9.38
697-42-6968,4,14,3,0,2,8,4,18,7.94
312-45-8127,16,1,3,0,0,10,5,20,8.65
435-71-6950,19,2,0,0,3,8,1,95,20.5
679-13-2509,2,12,2,0,1,4,6,108,20.07
411-97-7244,17,1,3,1,0,8,2,82,17.92
355-99-8906,17,17,0,0,2,2,5,101,23.45
766-22-7209,11,13,5,0,0,5,8,23,10.15
676-59-9049,11,5,2,1,2,4,9,77,16.58
765-75-9626,5,4,0,1,4,11,7,58,12.58
785-27-6274,14,9,5,0,0,1,6,75,17.44
245-95-8077,6,6,2,0,1,12,4,54,12.39
285-63-4089,5,11,3,1,1,9,6,37,10.57
497-36-1874,5,3,1,1,0,8,8,61,12.27
593-17-3972,2,11,0,0,0,9,9,45,10.71
680-80-1518,6,12,5,1,5,6,8,69,16.29
341-99-3721,11,16,1,1,2,8,5,32,12.09
285-87-2585,16,17,4,1,5,5,5,61,18.25
481-41-9166,8,3,5,0,5,7,10,89,18.13
235-35-1099,13,7,5,0,1,2,8,116,23.24
653-97-8726,15,3,4,0,2,11,4,111,22.81
145-73-2875,11,10,5,0,0,6,2,61,15.04
228-62-2736,15,1,4,0,2,12,2,48,12.95
639-45-9848,15,10,0,0,4,11,5,110,23.93
263-80-5640,3,15,2,0,1,11,8,118,23.15
281-19-5976,17,20,4,1,4,1,6,36,14.93
829-01-1172,4,10,1,0,5,4,6,37,9.86
840-03-0799,15,16,5,1,2,7,5,23,12.05
779-26-9639,6,6,5,1,4,10,6,96,19.29
845-13-7328,17,7,2,0,2,12,7,64,17.1
671-80-0488,8,20,3,0,2,5,1,35,12.27
808-66-2667,16,16,2,0,5,1,6,14,10.44
780-06-4589,9,8,2,1,4,3,10,5,6.06
819-14-7158,11,15,1,1,1,6,3,104,22.3
478-24-6066,14,14,1,0,3,6,1,30,11.82
463-86-3179,16,3,4,1,0,11,10,86,19.44
802-77-2295,16,19,5,1,3,8,2,102,24.8
818-79-5410,16,8,3,1,1,8,8,23,10.63
231-90-5615,6,9,4,0,2,7,8,45,11.7
315-14-8162,7,15,2,0,4,10,2,77,17.94
175-53-7917,15,6,4,1,5,9,10,49,14.61
392-21-2774,12,8,2,1,5,2,1,21,8.78
467-06-1908,13,15,5,0,1,1,3,30,11.6
486-86-7925,10,14,1,0,3,5,5,88,19.63
254-68-5664,20,15,5,1,5,2,9,8,10.93
816-42-1709,1,18,1,1,1,5,8,35,10.21
378-13-9411,13,16,3,1,5,7,8,11,10.03
623-83-3437,15,14,4,1,0,8,3,64,17.47
525-61-6711,17,4,5,0,2,6,5,119,24.41
719-59-6011,15,16,3,0,1,11,7,93,22.65
225-46-7514,8,16,3,1,5,5,8,13,8.9
334-91-5051,3,20,1,0,3,1,6,74,16.67
554-54-2631,2,6,4,0,5,5,6,32,8.2
185-76-8859,19,13,2,1,0,12,10,80,21.18
798-84-4263,19,16,4,0,0,2,4,16,11.13
811-88-1502,20,4,5,0,1,8,10,35,12.88
487-54-7862,5,2,1,0,0,8,5,112,19.52
196-47-2733,2,2,1,1,2,11,8,46,9.56
701-05-0656,2,2,4,0,2,7,1,44,8.8
483-12-6794,10,12,1,1,0,1,1,107,21.24
601-39-2729,9,14,2,0,0,8,10,118,24.17
355-24-7889,16,10,3,0,5,9,2,47,14.81
591-64-9037,20,1,0,1,1,12,5,58,15.39
157-57-4547,19,5,5,1,2,5,9,78,19.12
187-40-9022,13,10,1,1,2,7,9,105,22.45
490-62-6783,2,3,0,1,1,3,1,85,14.33
795-84-7456,13,4,4,0,4,9,5,96,20.35
429-39-5397,12,8,4,1,2,6,10,92,20.11
850-13-9937,7,6,4,0,1,1,10,76,15.45
781-97-0966,14,10,0,1,1,11,8,113,24
382-54-8269,18,3,1,0,0,9,10,50,14.01
104-30-3499,7,5,5,0,4,7,9,57,13.32
870-82-3617,6,2,4,1,4,10,4,99,18.74
172-28-9479,3,2,2,1,5,11,3,68,13.29
198-12-1713,9,4,2,1,4,4,6,98,19.1
487-87-0182,16,14,0,0,2,3,9,71,18.39
593-72-3054,19,9,4,1,0,7,5,63,17.33
328-37-1325,9,13,3,0,0,11,1,65,15.94
607-49-8298,9,11,1,0,1,1,5,116,22.4
700-93-5976,4,16,2,0,2,10,3,10,7.17
858-50-4610,7,10,1,1,3,2,8,5,5.56
668-40-7221,18,1,0,1,1,8,10,110,22.58
380-96-3808,11,14,3,1,3,3,10,56,15.4
814-22-9560,3,20,1,1,5,2,1,50,13.18
863-08-7416,18,9,2,0,0,1,2,70,17.19
238-24-1506,5,16,4,0,3,3,4,106,21.55
575-56-4899,18,3,0,0,3,9,7,47,13.64
616-53-3070,16,15,3,0,2,5,10,58,17.17
778-44-6988,1,15,5,0,3,12,3,27,9.36
119-94-0743,3,4,2,0,2,7,7,10,4.45
799-15-9749,6,9,1,1,3,4,4,10,5.84
212-61-2032,16,1,5,0,1,6,2,24,9.05
612-76-1526,4,11,0,0,2,4,1,89,17.18
775-32-5907,18,8,5,1,1,4,9,111,24.22
279-72-5350,15,10,0,0,1,10,5,36,12.41
146-13-1925,12,11,4,0,3,7,3,38,12.41
850-24-6316,8,12,1,1,1,3,2,18,7.73
770-77-9300,7,7,2,0,3,4,8,53,12.39
526-71-6311,17,1,3,0,0,4,8,79,17.36
743-19-4042,4,3,2,0,0,6,9,22,6.09
853-77-3042,15,17,2,0,3,5,6,120,26.43
412-97-3582,10,4,3,0,1,10,7,31,9.61
432-44-4937,16,3,2,0,1,1,8,63,14.85
290-40-7878,2,16,4,1,4,11,10,79,17.93
323-20-6524,5,6,1,1,0,10,3,85,16.4
524-67-0808,10,11,3,0,5,11,5,86,19.69
168-26-9738,15,19,1,0,1,7,2,108,24.69
250-04-5638,3,7,5,0,4,6,2,27,7.78
572-78-0613,3,2,1,1,5,5,6,72,13.4
706-54-0392,4,2,5,0,0,11,9,109,19.69
597-03-4759,14,17,4,1,3,12,5,30,13.51
197-98-1208,8,3,2,1,1,2,2,13,5.19
312-24-9763,11,1,3,1,5,2,10,1,4.68
493-77-9411,18,8,2,0,3,5,5,81,19.48
333-04-0878,18,5,5,1,1,12,5,51,15.14
714-36-7268,13,18,1,1,3,2,3,63,17.11
617-78-2662,5,14,0,0,2,9,9,66,15.43
830-80-9875,20,17,0,1,5,10,9,63,19.8
196-08-0009,4,10,2,0,1,7,8,41,10.49
840-11-5296,5,15,5,1,0,9,8,104,21.61
458-64-1509,8,18,5,1,3,9,3,59,16.29
625-23-0975,6,3,3,0,2,6,1,15,5.46
215-25-4321,5,10,3,1,5,3,3,75,15.82
230-74-0663,5,16,0,0,2,8,6,104,21.29
718-41-7618,13,15,5,0,0,9,10,120,26.06
524-76-7460,12,8,0,0,3,7,5,10,7.31
610-95-5597,5,11,0,1,4,3,6,64,14.11
639-55-4992,15,12,3,1,1,3,10,47,14.43
229-05-6612,4,12,2,1,3,4,1,117,21.94
257-90-7401,9,1,5,1,5,1,3,109,20.14
562-46-2421,5,18,0,0,0,12,4,110,22.63
351-35-0778,4,20,1,1,5,7,2,15,8.68
584-88-6201,5,16,5,1,2,11,1,17,8.81
594-16-9868,14,10,3,1,4,5,8,91,20.79
390-28-6994,19,8,1,0,2,6,1,76,18.66
472-90-5048,3,18,3,0,3,11,10,111,23.12
117-78-7102,9,13,1,1,3,1,10,49,13.27
344-96-2842,17,10,3,1,4,1,4,26,11.23
242-62-9239,12,6,4,1,5,8,3,109,22.42
834-42-9647,15,11,5,1,3,2,7,18,10.06
796-29-5114,4,16,1,1,3,10,5,71,16.48
334-73-2167,16,1,4,1,2,3,4,118,23.04
664-17-4190,16,1,2,1,0,6,10,33,10.44
550-47-0488,17,15,5,1,0,6,2,68,18.64
586-11-3596,13,12,0,0,2,11,1,93,20.86
458-48-0693,16,9,4,1,0,5,10,105,22.95
787-06-7356,18,19,1,1,4,5,1,60,18.39
391-92-9519,8,7,2,1,5,2,2,23,7.93
345-98-1858,4,2,0,0,0,12,3,93,16.58
154-06-3551,16,20,3,1,3,1,3,13,10.87
278-89-8725,19,13,3,0,2,7,4,68,18.9
197-17-2683,11,4,3,0,4,1,3,21,7.68
400-13-1153,3,8,2,0,5,6,3,33,8.74
478-41-6998,3,18,4,1,0,11,8,99,21.04
186-50-5039,7,9,5,0,1,10,3,30,9.71
571-65-5632,3,16,0,1,2,9,1,51,12.73
283-34-1358,18,19,3,0,0,12,8,59,18.93
365-36-3302,3,5,2,0,3,4,4,70,13.34
143-62-7407,15,20,5,0,5,10,1,106,25.65
607-61-0279,4,17,2,0,2,8,3,64,15.29
148-92-3026,18,14,4,0,5,2,10,80,20.93
318-99-4524,7,13,2,1,0,5,10,102,20.85
753-81-5593,15,12,4,0,3,6,8,76,19.22
189-62-8701,15,4,3,1,3,7,6,83,18.61
428-80-1324,8,19,2,1,4,5,5,22,10.49
478-76-3092,2,19,1,1,2,5,8,58,14.22
452-69-4949,9,15,0,0,1,10,3,85,19.16
586-35-1491,8,8,3,1,5,8,8,97,20.17
834-54-3380,20,12,3,0,0,4,7,116,25.81
246-54-1644,7,14,4,0,0,12,4,77,17.78
656-10-7361,1,17,3,0,0,4,6,77,16.16
744-65-3632,18,11,5,0,5,9,10,56,17.46
500-60-2795,20,18,0,0,5,9,5,17,12.76
209-04-7708,15,12,0,1,0,5,1,84,19.3
636-51-8497,13,6,5,1,5,4,8,6,7.21
239-87-7567,4,10,3,0,4,9,10,79,16.9
630-73-5302,15,10,1,0,3,1,9,90,20.22
676-41-7739,12,18,5,0,2,1,9,79,19.71
134-46-9257,15,3,3,0,2,3,9,64,15.19
529-38-6435,2,11,3,0,4,1,7,27,7.93
559-18-3764,17,17,4,0,2,6,5,102,24.36
555-15-5878,8,4,2,0,4,10,5,119,22.44
131-57-1352,15,2,0,1,5,6,7,94,19.74
164-86-0190,2,5,4,1,2,11,2,31,7.91
198-64-5501,16,12,0,1,2,10,6,63,17.32
431-37-9124,2,19,4,1,4,7,8,31,10.87
848-97-9758,18,3,4,0,3,10,8,98,21.83
593-77-6491,8,7,0,1,3,4,9,6,5.49
722-22-8739,15,16,3,1,4,8,5,70,19.21
448-21-2214,8,11,3,1,0,8,3,77,16.97
795-15-2468,6,15,0,0,3,11,4,24,9.62
118-22-6720,12,4,5,1,5,1,4,17,7.74
330-15-6617,16,3,2,0,4,4,10,44,12.7
484-27-0972,13,1,5,1,0,1,1,14,6.24
329-91-2039,3,7,3,1,4,1,6,97,17.88
574-74-4682,7,2,3,1,1,8,6,38,9.33
170-14-0264,12,1,4,1,5,12,8,31,10.33
408-08-5520,16,15,2,1,4,10,10,58,17.79
504-45-4507,4,17,5,0,3,4,3,43,12.19
198-22-5301,5,5,1,0,0,12,10,57,12.48
407-30-2939,6,9,0,1,1,12,6,42,11.14
519-79-0683,13,8,3,1,3,10,10,95,21.18
357-83-1063,13,1,5,0,3,2,7,90,18.31
765-18-8140,17,8,1,0,5,10,5,70,18.15
370-75-4782,11,5,1,0,1,9,10,89,18.62
313-59-6109,5,9,1,1,2,12,10,96,19.4
164-46-5907,3,15,1,1,1,9,4,116,22.42
543-40-8270,12,3,1,1,5,2,6,99,19.63
175-62-7902,1,19,4,1,4,4,2,79,17.25
527-70-1704,20,8,4,1,3,12,8,111,25.51
555-23-6510,8,11,2,0,4,7,2,62,14.87
859-73-9122,5,19,0,1,0,2,9,99,20.58
698-29-5169,4,19,2,0,2,2,2,0,5.5
362-66-9071,20,8,1,1,5,10,8,98,23.3
831-91-2014,4,14,0,0,1,12,7,27,9.39
799-38-4399,10,4,3,1,2,2,2,84,16.75
167-09-4862,16,17,3,1,2,12,5,110,25.8
647-04-4562,13,18,3,1,0,1,1,100,22.34
419-52-3930,11,14,5,1,2,8,1,3,7.54
798-05-2130,2,19,4,0,4,2,9,6,6.67
385-25-2292,15,14,3,1,2,7,7,2,8.4
651-30-0088,5,6,5,0,5,12,4,45,11.53
133-42-0510,2,5,2,0,0,7,8,61,11.88
678-71-7439,18,2,3,1,3,9,6,101,21.84
264-52-8973,20,5,4,1,0,8,2,96,21.67
418-48-8275,16,3,2,1,3,2,5,60,14.61
401-88-9557,1,3,0,1,0,4,9,115,18.96
504-49-4983,15,10,3,0,5,11,5,3,8.29
274-76-9035,5,17,2,0,2,3,6,1,5.79
603-71-9347,2,18,1,0,5,1,4,87,18.09
420-77-6886,5,6,1,1,1,4,2,32,7.97
705-40-4194,7,2,2,0,4,6,10,39,9.68
576-87-3402,15,1,5,1,4,6,5,15,7.98
386-73-5299,11,5,2,0,0,7,4,108,20.98
868-35-7590,13,1,4,0,1,10,6,7,6.21
525-24-5050,17,11,3,1,2,7,9,97,22.65
358-05-0361,13,5,4,1,3,10,10,25,10.18
284-29-1287,8,19,5,1,4,3,3,107,23.26
871-21-2249,7,20,0,1,2,4,2,94,20.58
377-79-9044,12,9,0,1,0,5,9,37,11.3
747-90-3567,11,2,4,0,4,3,2,38,10.06
295-25-7944,9,1,4,0,5,7,6,91,17.98
782-01-7863,16,16,3,0,1,4,3,116,25.52
532-70-2357,2,9,4,0,0,5,4,28,7.55
285-64-9249,13,2,1,1,5,1,8,100,19.84
762-12-2041,6,15,2,1,2,7,10,8,7.3
823-16-4890,13,9,5,1,4,2,6,45,13.27
533-42-3925,17,15,5,0,2,6,10,66,18.91
136-62-5979,5,4,5,1,4,9,10,11,6
214-75-4726,15,19,4,0,1,2,1,107,24.34
536-23-1025,4,2,3,0,2,4,2,107,18.43
364-51-2149,12,13,3,1,2,5,2,36,12.12
167-12-8749,4,17,0,1,3,8,4,46,12.6
262-58-4226,5,5,0,1,4,7,3,19,6.37
687-83-7547,18,19,3,0,0,6,5,84,21.99
250-95-2808,7,7,5,1,5,1,6,80,16.64
493-65-9637,13,6,0,0,0,4,8,68,15.41
572-36-2000,11,20,4,0,4,6,9,32,13.38
466-19-6333,14,16,0,1,2,12,4,12,10.05
509-54-1760,2,11,5,1,2,2,3,30,8.3
556-65-2319,18,9,3,1,5,9,6,16,10.71
359-74-8299,1,18,1,1,3,5,4,119,22.83
325-16-7676,18,20,3,0,1,12,7,112,27.14
521-92-8743,18,12,2,1,3,11,1,60,17.52
173-93-6495,18,16,5,1,1,8,6,2,9.68
324-47-8320,17,2,4,1,1,10,7,44,13.06
633-22-5059,4,14,1,0,0,5,5,114,21.7
237-16-6876,3,3,4,0,1,10,6,53,11.01
668-24-3934,12,18,3,0,3,9,5,9,9.64
327-23-7903,14,16,3,0,4,6,4,53,16.13
715-73-2897,18,12,1,0,2,5,7,96,22.42
132-49-0271,19,15,1,1,0,5,5,51,16.25
392-37-9512,13,1,4,1,1,7,8,87,18.09
850-14-5585,12,13,2,0,4,1,10,83,19.28
790-67-0041,12,16,2,0,3,12,3,77,19.51
680-96-6640,18,9,2,0,4,6,6,3,8.23
494-62-6460,19,16,3,0,5,7,3,89,22.93
183-30-9487,10,15,1,0,1,9,9,65,16.72
798-72-7287,1,16,1,0,3,7,2,92,18.41
711-28-5073,12,18,0,1,4,5,9,51,15.64
812-04-2085,3,19,3,1,1,4,6,68,15.87
493-16-1044,2,16,1,0,5,5,2,94,19
192-20-8060,15,5,2,1,5,3,3,51,13.62
866-24-5295,15,3,4,1,5,2,6,43,12.28
447-82-9302,20,16,3,0,2,6,2,7,10.41
482-90-4861,14,10,2,1,2,9,7,78,18.83
333-62-4074,7,18,5,1,3,3,9,90,20.45
103-32-4044,3,13,4,0,0,5,3,20,7.35
611-17-0205,12,5,4,1,3,2,2,107,21.11
330-91-2555,6,2,1,0,1,6,10,66,13.05
304-91-8646,18,13,0,0,1,5,8,4,8.66
208-23-7002,4,5,1,1,5,6,3,33,8.34
229-67-2707,17,7,5,0,0,5,7,28,11.15
801-12-6636,20,5,4,0,3,7,9,0,7.81
538-20-1796,8,19,2,1,0,4,3,48,13.76
158-29-2860,13,19,1,1,4,1,5,81,20.13
733-33-6186,15,20,2,0,0,3,9,35,13.92
525-72-1409,1,19,1,0,4,5,7,59,14.24
166-84-4221,19,12,4,1,0,6,5,55,16.64
578-02-1282,1,16,0,0,2,4,1,97,18.63
258-85-5441,17,1,4,0,4,3,10,48,13.26
637-92-0719,12,16,5,0,3,6,4,28,11.97
658-05-9229,11,15,1,1,3,10,5,109,23.73
495-14-5207,16,3,4,0,3,11,5,92,20.37
212-32-2051,7,14,1,1,0,4,7,43,11.86
346-58-0431,13,20,0,1,4,11,10,30,13.73
291-54-8639,15,3,1,1,2,2,5,3,5.6
462-72-6866,1,5,3,0,3,10,5,16,5.43
469-88-5275,4,8,2,0,2,4,2,117,21.03
430-17-4208,16,11,1,0,1,3,8,39,12.93
204-63-4494,17,7,4,0,2,3,5,68,16.99
626-16-5630,6,8,2,1,1,11,9,28,9.1
865-52-5098,10,19,1,1,3,2,2,48,14.26
252-04-7983,5,17,2,0,1,1,7,52,13.2
515-98-0132,14,4,0,1,4,5,6,78,17.24
554-99-0016,2,11,5,1,1,9,8,77,16.12
772-94-7811,17,19,4,0,4,7,10,22,13.32
100-12-1951,6,9,4,0,0,9,9,103,20.41
709-34-5213,15,16,5,0,2,11,1,115,25.96
175-22-7355,6,7,2,1,2,9,4,3,4.83
370-68-5457,15,5,2,1,2,5,8,98,20.77
691-88-9138,7,17,3,0,3,12,4,116,24.46
524-97-5501,15,4,2,1,2,1,8,41,11.66
169-32-9462,12,5,0,1,1,8,5,112,21.93
262-48-2206,7,3,5,1,4,5,9,37,9.79
566-16-2972,19,8,2,0,5,11,4,5,9.04
441-06-0271,7,14,2,1,3,11,2,117,23.77
896-19-3876,10,19,0,1,2,4,2,45,13.78
472-11-6007,5,1,5,0,0,1,7,23,5.84
337-38-9197,8,20,1,1,2,5,4,90,20.52
115-25-3643,7,17,2,1,2,5,8,103,21.92
866-63-5166,2,15,2,0,3,3,1,14,6.45
875-05-2675,7,6,3,1,2,2,6,49,11.35
549-43-6004,15,7,3,0,2,4,1,24,9.68
612-31-8021,11,8,3,1,5,11,1,82,18.59
426-45-8501,18,9,5,1,5,8,6,108,24.62
384-97-9669,12,4,5,1,5,12,2,68,16.28
150-37-6953,3,6,5,1,0,1,10,74,14.19
863-16-6112,8,15,1,1,3,10,2,29,10.83
657-17-2381,5,16,0,1,2,2,7,0,5.25
725-75-3484,17,5,1,1,4,2,1,11,7.72
410-60-1192,15,16,4,0,1,9,5,106,24.42
854-02-6880,1,19,5,0,4,9,7,13,8.1
172-28-2140,17,8,0,1,3,10,7,107,23.53
594-37-0723,2,12,3,0,3,5,3,117,21.68
834-79-1280,12,13,4,0,4,8,9,11,9.26
578-29-9188,9,9,1,0,5,8,8,20,8.82
525-78-9124,5,18,3,0,4,2,7,14,8.22
123-86-8716,1,4,1,1,2,11,10,113,19.86
191-96-9509,2,17,1,1,4,7,3,114,22.37
429-18-4640,14,2,0,0,0,5,1,82,16.7
483-79-3924,11,14,3,1,2,8,3,74,18.09
219-69-0207,8,9,0,0,1,10,1,51,12.51
157-95-7174,11,3,3,0,5,9,6,114,22.41
326-98-1789,8,2,2,0,3,2,9,19,6.41
582-62-0322,1,7,5,1,3,10,4,69,13.98
702-06-5748,8,11,4,1,5,5,1,117,23.25
738-99-9946,20,19,1,1,1,5,1,86,22.46
782-80-8456,11,8,1,0,1,3,6,50,12.63
864-27-5270,12,9,0,0,5,5,2,119,23.75
598-06-8298,14,17,1,0,4,6,8,110,24.88
642-28-7620,2,7,4,1,0,8,2,100,18.17
609-31-9496,14,5,2,1,2,3,7,76,16.99
191-37-5036,13,2,5,1,2,3,9,35,10.39
107-02-8934,11,10,3,0,3,5,4,14,8.13
508-19-0880,15,4,0,1,0,2,8,44,11.78
761-17-2166,14,5,2,1,2,5,5,29,10.02
284-79-0359,6,11,5,0,4,12,7,108,22.27
801-77-0203,3,12,2,0,2,1,8,25,7.81
307-85-6982,16,18,2,0,5,2,1,47,15.63
673-54-5412,15,10,1,0,4,5,1,82,19.09
584-07-8731,15,9,5,0,2,1,2,28,10.66
486-33-9498,6,5,2,0,4,6,5,75,15.18
217-12-7640,15,12,0,1,3,4,7,2,7.54
636-47-2971,3,11,3,0,3,6,8,41,10.67
734-06-6084,6,14,4,0,2,1,5,2,5.56
428-72-1057,4,5,4,0,4,5,8,93,17.64
217-69-5619,4,15,4,0,4,6,4,13,7.53
491-20-1481,4,13,3,0,1,3,7,21,7.78
483-57-5306,15,18,3,0,5,12,3,112,26.23
418-87-4976,6,4,5,0,3,5,10,29,8.43
617-62-6012,6,16,2,1,4,5,2,66,15.84
744-59-3260,13,15,3,0,0,10,10,13,9.9
147-80-3468,4,16,1,0,4,5,2,33,10.24
149-91-6646,16,2,4,0,5,8,6,112,23.17
708-62-4732,16,14,2,0,3,7,8,117,25.91
774-64-2039,13,8,0,0,0,8,8,17,8.52
426-40-1257,12,6,3,0,3,8,2,24,9.25
225-72-3771,10,18,3,0,3,2,3,107,23.11
809-50-8532,14,8,2,0,4,3,5,104,21.86
708-23-1891,10,13,3,0,2,5,3,91,19.87
799-96-3248,8,16,2,0,0,7,3,118,23.88
777-63-0779,10,10,4,0,4,12,4,27,10.67
203-54-4188,1,11,1,0,5,1,7,31,8.19
217-14-5700,18,12,4,1,5,5,5,40,14.6
207-77-4286,11,18,5,0,4,10,10,74,19.79
332-97-3396,9,8,1,0,1,12,9,87,18.64
888-22-9769,9,19,5,1,0,5,10,35,12.8
799-50-3958,5,15,0,0,1,9,4,20,8.37
578-97-3617,5,8,4,0,4,10,8,28,9.19
199-44-2309,13,7,2,0,0,9,7,108,22.21
611-42-2054,3,18,2,1,2,11,8,16,8.61
281-76-1769,4,4,5,1,3,7,4,97,18.06
207-29-9869,3,12,2,0,2,10,6,10,6.27
259-83-6371,1,15,0,0,4,12,3,40,10.92
800-69-1195,14,6,3,0,1,1,3,42,11.65
269-81-0423,18,17,3,1,2,5,9,60,18.37
628-85-2005,16,16,1,1,3,9,6,21,11.94
115-82-0382,12,18,1,0,2,10,3,81,20.12
872-02-4633,12,3,3,1,0,11,2,106,20.94
498-07-3382,3,19,4,0,1,12,7,81,18.64
670-62-5541,15,7,0,1,0,8,10,44,13.02
855-23-8727,16,12,5,0,3,6,7,74,19.22
771-04-2292,16,11,3,0,1,7,4,62,16.74
860-40-4548,17,14,1,0,3,7,6,25,12.16
231-16-2290,3,3,0,0,3,11,7,48,10.22
690-89-4227,4,4,2,0,0,9,5,35,8.31
487-15-1653,4,18,1,0,3,10,1,98,20.68
800-60-6852,15,11,4,0,5,2,6,116,24.78
287-16-5697,5,9,0,0,0,1,9,109,19.94
284-18-7736,6,14,3,0,3,7,1,78,17.31
657-47-8633,15,20,5,1,2,6,10,75,20.81
896-50-9731,2,17,5,0,3,5,10,106,21.58
690-14-7494,13,8,3,0,2,11,6,109,23.01
568-46-1417,2,14,1,0,2,1,2,117,21.36
146-11-2216,7,10,4,1,2,2,6,3,5.35
752-42-9683,8,11,0,0,5,1,3,101,20.14
721-31-7227,15,9,2,0,5,7,6,88,20.43
121-03-0975,14,5,1,1,1,4,5,34,10.47
536-33-5474,13,19,4,0,1,12,2,50,16.24
885-79-2836,19,15,2,1,0,10,5,105,24.9
659-30-6182,18,1,5,1,0,4,3,32,10.56
557-15-7260,10,18,4,1,4,8,10,112,25.01
708-23-3087,12,8,1,0,4,7,3,67,15.97
400-57-4895,4,8,0,0,0,7,5,57,12.03
629-23-0509,7,6,0,0,4,4,5,91,17.65
738-53-1801,12,1,5,0,3,12,7,47,12.51
622-50-4713,2,8,4,1,0,7,6,96,17.88
232-56-6994,13,19,4,0,4,7,1,108,24.77
268-33-7711,15,2,2,1,5,1,7,110,21.89
862-85-1813,1,16,0,0,2,10,9,2,5.32
289-98-8288,6,5,0,0,0,9,5,82,15.86
746-09-0361,3,16,0,0,4,12,2,116,22.97
694-92-6648,5,13,4,0,2,5,5,41,11.32
374-64-4598,13,20,2,1,1,12,6,10,10.49
394-68-8315,1,2,5,0,1,8,1,116,19.43
333-03-8881,10,20,0,0,4,3,10,49,15.06
679-13-9397,5,3,1,0,1,8,7,32,7.93
593-05-3117,14,20,3,1,1,3,10,54,16.83
617-77-8859,15,17,5,1,5,8,4,75,20.42
642-21-3948,8,1,4,1,5,11,5,24,8.04
432-19-6900,3,10,0,1,4,8,4,10,5.66
332-82-0828,17,17,4,1,0,2,2,102,23.68
220-11-3599,7,1,1,1,2,11,7,70,14.16
642-42-7300,5,8,3,0,3,8,10,39,10.55
581-36-0165,20,7,4,0,4,4,5,56,16.25
370-09-5430,2,3,4,0,0,9,4,80,14.51
217-67-6336,13,9,1,0,1,4,8,53,13.97
738-27-4454,8,6,3,1,2,11,3,34,10.01
809-05-0982,5,18,5,0,2,11,3,59,15.56
216-25-1621,13,4,0,1,5,1,2,12,6.64
743-37-3142,13,20,2,1,4,11,9,92,23.18
154-49-8131,16,3,3,0,3,12,1,9,7.71
611-11-7075,9,13,3,1,5,10,6,52,14.75
208-19-8476,19,7,1,0,5,1,9,88,20.54
638-38-0183,8,12,0,0,0,2,1,114,21.73
826-86-4058,12,5,4,0,5,4,8,2,6.01
349-62-5965,19,2,3,0,2,11,2,114,23.86
162-84-5143,16,5,4,0,5,6,2,55,14.84
720-81-9868,8,19,3,1,0,2,9,15,9.03
552-97-0806,15,9,2,1,1,6,1,19,9.35
893-70-0234,4,20,3,1,3,11,2,65,16.52
563-02-8418,16,8,1,0,2,8,10,50,14.64
641-63-6206,8,10,3,0,0,6,4,65,14.79
649-56-6281,11,7,3,0,5,1,10,38,11.29
451-49-5357,6,2,3,1,0,6,5,31,7.69
461-07-9792,15,13,4,1,4,9,6,105,24.1
177-04-6313,13,16,1,1,2,1,10,5,8.16
746-95-1270,19,18,5,0,1,6,8,22,13.2
773-11-7229,11,5,5,1,1,9,10,11,7.37
859-17-2497,10,7,2,0,2,4,1,66,14.63
494-25-0065,5,19,4,0,4,11,8,37,12.83
337-75-8903,5,4,0,1,2,2,10,66,12.9
594-07-3860,19,16,0,0,3,7,10,27,13.46
555-02-1494,2,14,0,1,0,10,2,106,20.25
727-36-3574,17,2,4,0,2,5,7,91,19.72
134-53-5575,15,1,2,1,4,11,3,118,23.48
579-63-0045,7,9,5,1,5,6,4,8,6.59
722-78-0913,12,19,1,0,1,12,2,65,17.94
420-29-1948,17,9,2,1,3,2,9,85,20.01
141-48-5122,5,7,2,1,5,2,5,62,13.18
794-86-7247,8,1,0,1,1,1,9,21,6.05
775-38-3670,7,5,4,0,4,1,6,97,18.53
377-78-1917,5,9,5,1,4,9,3,50,12.5
749-20-7280,15,7,1,0,0,5,4,3,6.35
519-08-6667,1,14,2,0,0,8,9,82,16.72
593-45-4394,2,17,3,0,3,11,6,20,8.82
800-30-0204,5,4,2,0,5,2,1,61,12.18
603-90-5815,2,14,3,1,5,7,8,103,20.68
887-29-8128,18,11,2,0,0,6,1,51,15.14
318-62-6604,9,20,4,1,3,11,9,59,17.32
753-72-1954,15,13,4,0,5,3,10,26,11.97
605-76-9919,14,5,1,0,2,3,10,104,21.19
768-92-8424,9,5,5,0,5,6,8,47,12.29
630-38-4410,18,16,0,1,3,3,2,3,8.9
416-14-6393,17,5,3,1,3,11,4,92,20.92
667-64-4755,5,9,3,0,0,4,7,8,5.26
536-87-3633,12,20,3,1,2,5,5,13,10.22
547-20-6065,15,2,2,1,3,8,7,112,22.6
529-98-7186,15,3,1,0,0,4,5,107,21.11
779-25-4836,7,10,2,1,1,2,6,35,9.84
256-07-6432,2,19,5,1,1,1,1,87,18.15
158-26-8724,15,18,3,0,2,1,1,112,24.81
787-51-1316,11,4,0,1,1,5,5,89,17.76
642-25-7754,15,17,0,0,1,3,3,10,9.18
755-60-9788,15,1,4,1,0,10,7,82,17.95
631-06-6493,14,10,3,0,5,7,2,60,16.08
828-17-0672,2,16,5,1,1,11,9,119,23.65
202-27-1756,5,17,3,1,0,5,5,32,10.5
723-13-6437,13,16,5,0,2,3,3,20,10.59
217-33-4098,3,6,5,1,1,4,8,62,12.67
630-68-6446,6,6,4,0,0,12,4,83,16.83
481-90-0850,18,14,1,1,2,2,5,22,11.4
858-33-7960,4,17,5,1,4,8,1,6,7.06
192-50-3199,14,15,3,0,3,10,4,15,10.48
324-90-4078,16,1,1,0,0,1,6,36,10.09
494-47-8475,11,20,1,0,4,6,5,47,15.13
251-65-4992,15,7,5,1,1,6,9,13,8.75
787-86-7382,14,4,1,0,4,11,1,27,9.93
580-46-3530,9,3,0,0,5,3,7,61,13.17
751-70-3991,2,13,3,0,0,2,8,79,15.83
717-88-3084,15,11,2,1,5,4,3,30,11.76
211-99-2561,14,6,3,0,0,12,8,90,19.98
895-09-7414,8,1,4,1,0,7,3,29,7.78
325-53-1251,8,12,1,1,2,9,2,82,17.98
373-52-5906,19,5,3,1,2,6,3,37,12.56
383-17-9722,12,18,3,1,3,12,8,30,13.26
110-28-0674,15,19,0,1,2,12,9,43,15.8
193-56-3595,6,13,2,1,0,7,6,58,13.98
506-70-6802,9,9,4,0,1,4,8,32,10.12
190-27-5331,14,5,4,0,1,6,1,74,16.7
151-96-7538,8,19,1,0,1,8,9,66,17.08
467-38-1171,2,2,0,1,3,11,1,72,13.12
203-33-9753,3,6,0,0,1,10,7,33,8.26
185-39-8015,3,7,4,0,5,7,5,69,14.33
313-08-9678,10,8,0,0,4,7,5,39,11.27
602-11-7100,2,1,5,1,5,6,7,99,17.54
453-82-0553,12,13,3,1,2,9,7,102,22.63
843-08-7046,14,13,1,1,4,6,4,29,11.78
150-21-3930,13,1,5,1,1,5,6,17,7.41
781-91-5379,18,19,3,0,2,4,9,18,12.33
606-17-5760,8,10,3,0,4,2,10,69,15.77
135-71-4371,9,9,4,0,3,3,4,48,12.45
888-51-6281,20,13,4,0,2,3,7,22,12.14
273-12-4359,1,2,2,0,0,6,2,40,7.49
202-56-1568,17,9,4,1,3,6,5,36,13.02
548-40-3319,15,16,5,1,4,8,9,71,19.76
424-85-6288,13,20,2,1,5,12,3,102,24.58
823-16-8935,1,11,4,1,5,1,5,87,16.84
391-65-1832,16,20,4,0,3,2,8,19,12.16
743-45-9060,5,4,1,1,3,9,9,118,21.49
530-29-7473,6,18,3,0,3,1,9,77,17.82
592-83-5922,16,5,5,1,5,4,5,40,12.71
513-31-9742,1,9,1,1,3,5,6,69,13.63
844-71-4538,13,10,1,1,1,4,2,38,11.67
268-50-0737,15,3,4,1,4,4,5,13,7.8
601-64-0800,12,3,2,1,5,6,1,14,7.09
472-04-3327,12,2,4,1,4,9,1,57,13.7
404-49-8509,13,10,1,0,2,4,5,89,19.53
129-13-2000,10,15,2,1,2,9,4,100,21.98
431-81-7853,3,9,3,0,5,5,7,90,17.7
492-44-7332,12,7,2,1,5,2,2,83,17.93
873-58-9689,12,20,1,1,1,4,7,8,9.17
152-89-1103,19,12,2,0,5,12,5,63,18.68
615-80-7068,4,20,0,1,1,8,4,88,19.28
899-82-0144,9,16,4,1,0,11,2,74,18.09
470-53-0897,13,15,5,1,2,8,3,25,11.64
595-17-2729,12,16,3,0,2,4,3,96,21.63
811-30-9692,13,1,3,1,3,7,5,94,19.11
554-61-1993,5,10,4,1,4,6,10,103,20.63
209-82-9382,14,15,4,0,4,4,9,28,12.35
665-63-5935,11,7,0,1,5,5,8,85,18.35
837-47-2160,9,9,5,1,2,3,3,86,18.14
641-24-3292,12,16,0,0,5,5,2,46,14.2
183-63-5022,16,18,4,0,3,3,10,72,19.9
761-56-6331,5,17,3,0,0,11,8,116,23.74
645-08-6914,2,10,0,0,2,5,5,15,5.67
545-07-0885,9,12,4,0,0,11,1,102,21.39
124-97-7216,16,10,2,0,5,7,1,97,21.98
389-63-9822,13,3,1,1,3,9,7,44,12.09
332-16-2019,4,8,2,1,2,4,5,113,20.63
106-82-9003,4,10,3,0,1,9,2,119,22.17
836-29-0100,20,7,4,1,3,6,4,64,17.52
443-29-8463,9,16,1,1,3,4,8,48,13.89
442-63-2299,19,3,2,1,5,9,1,93,20.96
324-75-8283,18,13,5,1,4,5,2,50,16.14
881-85-3665,10,18,4,1,4,9,4,40,14
244-14-8288,18,4,0,1,2,6,5,70,16.86
299-75-4444,15,12,4,0,5,7,7,80,20.08
253-91-2039,16,6,0,1,4,5,10,12,8.44
321-13-3127,2,14,0,0,2,1,10,9,5.46
217-32-6079,8,8,3,1,5,2,4,50,12.38
830-44-4101,4,9,3,1,0,4,9,40,9.96
543-29-5998,14,12,5,0,0,6,8,13,9.29
524-28-4003,13,7,2,1,5,11,5,96,21.09
182-87-0920,2,7,3,1,0,8,1,75,14.27
834-68-3191,12,8,4,0,4,4,3,89,19.3
711-68-8981,11,10,1,0,0,1,9,81,17.54
502-49-3276,11,5,0,0,2,4,3,30,8.98
270-76-4825,12,9,2,1,0,1,4,76,16.74
113-96-4627,10,17,5,1,3,2,9,48,14.61
614-07-9913,16,9,3,0,4,2,4,108,23.12
273-89-0030,17,19,0,0,5,4,7,82,21.61
258-03-4759,3,18,3,0,4,7,4,112,22.72
555-74-5914,9,2,4,0,5,3,8,117,21.82
769-09-6746,20,11,5,1,4,7,3,28,13.17
873-64-6629,9,4,2,0,5,9,1,94,18.76
576-60-0141,18,9,4,1,2,9,10,49,15.63
849-55-1000,4,11,0,0,2,9,1,78,15.98
529-60-9983,18,8,3,0,5,3,1,48,14.47
714-44-0636,2,2,3,1,0,10,9,90,16.1
195-87-7803,13,4,2,1,0,1,7,28,8.94
827-70-4178,13,19,0,0,5,6,2,78,19.94
277-82-0955,1,5,2,1,5,12,7,14,5.58
504-10-3149,11,2,4,0,3,6,2,66,14.42
258-11-3668,4,15,5,0,4,11,2,29,10.38
605-26-9572,14,6,0,1,1,4,2,1,5.47
540-46-8694,16,13,4,0,3,2,5,72,18.56
520-42-1963,13,19,3,0,1,8,4,15,10.63
750-12-2770,14,10,5,0,3,10,4,12,9.23
623-84-4932,17,20,3,1,2,8,3,6,10.59
830-36-0615,15,9,5,1,2,4,9,76,18.53
889-31-2206,8,20,4,1,3,5,3,69,17.73
545-07-6926,8,11,5,0,1,2,5,119,23.09
177-03-6051,3,4,2,0,1,3,10,120,20.63
123-07-3061,5,8,5,0,0,5,4,82,16.3
199-32-9596,16,8,5,0,5,2,5,38,12.78
537-81-3844,15,3,3,0,3,8,7,37,11.6
701-09-8034,10,11,1,1,1,9,4,70,16.47
805-86-4981,1,7,4,0,1,5,8,79,14.86
164-62-0864,19,7,4,0,2,1,2,57,15.51
555-49-0367,15,18,2,0,4,12,8,10,10.97
447-77-7417,11,8,4,1,2,2,10,90,19.2
865-73-1884,1,2,4,0,1,5,1,105,17.41
873-69-7312,4,13,5,0,2,5,8,24,8.77
851-06-8816,18,12,1,1,2,3,5,70,18.29
496-88-1873,20,17,1,1,4,2,5,72,20.22
533-14-0286,17,16,2,1,3,8,8,111,25.8
867-93-4453,12,1,1,1,4,2,10,30,8.97
594-93-7129,2,4,0,0,2,4,5,81,14.28
132-89-5737,3,16,5,1,3,11,7,38,11.87
764-65-2236,20,1,3,1,5,2,4,98,21.18
452-51-7540,20,13,5,1,4,11,7,92,23.73
103-87-6019,2,4,1,1,0,6,2,102,17.39
521-75-8902,13,6,2,0,1,6,3,61,14.6
538-62-1223,2,18,1,0,3,8,1,84,17.9
578-99-0034,19,5,0,0,5,5,6,20,10.05
824-03-2298,20,4,0,0,4,2,8,1,6.97
118-87-2614,17,18,2,0,0,9,7,21,12.36
622-60-8770,1,5,2,0,1,1,1,68,11.9
578-76-7162,6,18,0,1,2,12,3,1,6.75
270-28-7512,13,1,3,0,0,11,3,67,14.94
785-31-9335,15,20,0,1,3,7,7,71,19.76
476-55-7289,2,20,1,1,0,10,6,51,13.5
877-61-8759,20,6,3,0,4,1,4,60,16.23
504-93-7588,18,17,3,0,3,7,9,20,12.61
437-69-7457,16,18,5,1,5,3,1,37,14.57
438-51-1619,13,19,4,1,1,6,3,44,14.9
370-82-6833,18,13,2,1,3,6,2,33,13.27
151-57-6392,6,4,1,1,1,7,10,71,14.34
770-79-7988,9,13,4,1,2,7,2,67,16.3
693-64-7636,20,14,1,0,2,11,8,92,23.31
312-04-3741,2,9,3,0,1,12,7,102,19.44
527-71-0137,20,18,1,1,4,7,7,68,20.37
347-85-4527,1,6,2,1,5,3,9,12,4.77
515-36-4152,8,12,5,1,0,11,9,117,23.94
447-73-5967,12,6,1,0,1,4,6,47,12.12
226-59-8851,17,2,1,0,0,5,4,102,20.7
739-17-4672,1,18,2,0,5,5,3,64,14.8
712-86-5644,3,12,1,1,3,10,1,46,11.48
205-86-9457,14,20,0,1,2,6,1,100,23.36
116-06-0398,19,14,1,1,0,9,8,5,9.66
662-22-6978,7,3,3,0,2,12,2,118,21.75
360-16-7951,6,14,3,1,0,1,5,13,6.94
701-07-5591,20,6,1,0,3,5,2,115,24.43
577-26-9575,20,2,1,1,5,7,6,31,11.68
221-09-4531,10,12,4,0,1,2,4,96,20.19
556-38-8051,8,6,3,0,5,8,8,72,15.97
448-12-2809,16,15,2,0,2,3,2,52,15.59
620-01-0297,9,19,1,1,5,9,4,27,11.81
670-91-4349,4,1,3,1,1,4,5,25,6.02
797-77-3099,4,10,2,1,5,3,5,22,7.62
782-45-9981,15,20,2,1,0,10,6,11,10.85
723-38-6457,11,3,5,0,3,9,1,116,22.44
539-84-4291,2,11,2,0,3,11,1,34,9.37
667-85-6949,9,14,5,1,5,1,2,109,22.69
773-07-7036,5,1,4,1,5,1,9,45,9.74
745-40-3540,7,13,2,0,3,10,10,101,21.43
759-41-8167,13,20,1,1,5,8,3,62,18.12
291-98-8724,17,5,5,0,2,8,7,59,15.89
183-17-9122,18,7,2,0,1,5,3,97,21.36
237-89-8091,18,18,0,0,0,6,9,28,13.29
711-52-6344,19,10,5,0,0,8,5,93,22.17
589-73-0183,1,15,0,1,0,8,6,35,9.57
438-49-1509,11,12,4,0,2,12,8,29,11.6
306-37-9255,8,7,5,0,5,5,4,95,19.35
494-70-8243,16,20,3,1,5,3,5,1,9.57
197-72-7370,4,16,3,0,3,8,5,102,21.1
882-90-0870,6,12,4,0,3,8,6,102,20.95
472-93-9619,13,13,2,1,1,4,3,61,15.87
677-57-0543,6,11,0,1,1,9,10,94,19.27
738-09-9095,15,14,4,0,4,6,7,102,23.58
420-59-1333,11,18,0,1,0,1,10,64,16.59
296-14-4615,1,15,2,1,4,5,4,101,19.74
677-51-6289,17,18,0,0,3,10,8,49,16.83
626-83-7786,1,19,1,0,0,9,8,86,18.26
799-70-1586,3,18,1,0,1,2,1,49,12.14
463-22-7198,9,15,2,0,1,4,6,4,6.82
338-83-0333,9,14,2,0,1,3,10,7,7.18
292-32-2113,2,18,0,1,3,2,1,5,5.46
874-89-7666,18,1,4,0,1,2,9,34,10.94
425-98-1688,2,13,1,1,5,12,9,33,10.28
596-10-0187,2,12,4,1,1,10,1,40,10.41
615-72-8723,4,3,2,0,4,5,10,87,16.24
333-66-0570,7,15,5,0,5,4,1,55,14.46
267-36-1194,2,2,4,1,1,4,3,79,13.82
487-26-4286,5,15,4,0,2,9,7,68,16.23
632-43-0728,15,16,3,0,3,2,8,95,22.41
715-63-8780,15,13,5,1,0,1,4,51,14.84
412-87-5302,9,6,3,0,2,8,4,83,17.34
618-06-0191,9,8,0,1,5,1,5,96,19.19
712-54-4168,1,11,5,0,4,1,4,13,5.63
483-82-7755,4,19,3,1,5,3,6,36,11.67
484-88-9224,10,15,3,1,0,11,1,110,23.39
621-34-5264,7,11,0,1,4,10,1,109,21.74
158-80-9540,14,18,5,0,3,1,9,52,16.27
749-95-3173,20,9,3,1,2,6,5,120,26.16
410-61-8578,7,18,2,0,5,6,8,117,24.59
784-40-0431,20,17,1,0,2,11,5,108,26.16
140-76-0311,20,2,1,1,4,1,9,68,16.73
667-26-8163,13,17,2,1,3,9,5,38,13.99
615-78-4484,3,10,4,0,4,12,9,50,12.62
430-27-2899,11,19,0,0,3,2,6,116,24.76
755-19-5143,14,5,3,1,2,9,1,78,17.63
356-77-4221,6,18,2,1,0,10,4,120,24.45
112-21-3307,12,10,0,1,2,12,7,98,21.4
715-54-1544,15,20,1,1,5,1,8,61,18.09
275-59-1270,4,7,2,0,2,1,1,13,4.91
490-21-2853,20,11,0,0,1,11,9,85,21.5
733-67-8569,19,15,1,1,5,7,5,39,15.18
630-40-7221,6,10,3,0,4,10,8,24,9.14
617-43-7561,10,16,5,1,1,5,1,0,6.86
264-67-3688,3,20,0,0,3,11,7,87,19.47
410-03-9733,12,13,5,0,2,8,2,47,14.19
157-57-7399,7,18,0,1,5,7,9,10,8.53
590-76-4265,3,12,2,1,5,1,2,96,18.54
566-86-3629,3,17,0,1,0,5,9,80,17.1
229-13-1288,5,10,2,0,5,1,2,27,8.24
350-80-4743,9,8,0,1,5,11,4,107,21.69
159-49-0972,3,17,5,0,5,6,1,106,21.69
171-06-0244,15,6,4,0,4,12,6,99,22.02
127-83-8346,17,16,5,1,0,5,7,51,16.45
168-49-0814,8,14,3,1,3,5,10,63,15.88
381-68-8275,12,3,1,1,3,3,10,50,12.35
757-76-1777,4,7,5,1,1,5,4,54,11.81
586-11-7292,17,11,4,1,0,6,10,62,17.24
777-95-8591,12,2,3,0,4,6,10,107,21.23
415-28-9279,4,10,4,1,5,12,2,54,13.28
573-56-8778,19,13,4,0,4,10,6,28,13.59
