EmpID,Country,DOUHC,Life Expectancy,Racial and Ethinic Equality,Happines Index,Pollution Index,GDP Per Capita,Population Density,Regional Quality of Life Score
619-51-3328,China,7,79,63,9,138,1222.49,93,182.7
262-15-1956,Indonesia,3,77,35,9,47,5974.46,69,303.6
388-46-9630,Hungary,6,73,35,8,116,10196.16,40,1277.8
479-74-8924,Pakistan,3,67,63,7,99,5571.43,62,596
527-37-4349,South Korea,5,55,77,0,10,10396.59,18,112.7
700-51-9763,Indonesia,4,58,81,5,96,3356.21,16,348.3
722-12-5639,Philippines,6,67,67,2,80,2226.08,94,192.8
385-59-3162,Indonesia,4,59,70,2,176,1246.02,82,237.2
394-32-2540,Indonesia,6,60,83,4,83,8123.62,9,728.6
180-31-5192,Japan,2,84,55,1,126,3540.19,22,482
833-29-6691,Indonesia,3,71,44,2,147,9162,100,1454.9
771-35-6044,Philippines,5,54,68,5,114,9076.38,49,1117.9
484-62-6777,Portugal,0,81,71,1,14,2364.22,67,36
391-66-8668,United States,0,82,33,6,90,2713.48,40,263.9
245-83-6821,Sierra Leone,0,60,57,6,68,8486.21,92,623.4
832-96-3986,Puerto Rico,5,58,52,2,137,5958.37,99,882
114-30-8786,China,1,80,68,1,191,9699.44,26,2001
341-05-7098,Colombia,7,76,60,0,189,6566.39,12,1340.8
872-44-3328,Western Sahara,7,83,84,9,84,7650.16,92,694.6
763-02-9977,China,6,65,44,1,48,7955.11,15,412.8
751-95-8286,United States,4,85,70,1,20,8635.37,0,186.9
167-09-6640,Canada,3,60,48,5,166,627,69,112.7
728-69-7851,Germany,4,65,41,2,153,11182.78,15,1848.2
860-67-9453,Peru,4,64,46,9,53,11310.05,0,647.7
287-66-3637,China,6,62,64,3,38,6602.98,74,271.4
793-17-2650,Colombia,6,59,58,2,70,9182.77,49,694.7
783-02-1619,China,4,71,77,7,105,390.72,5,44.7
837-89-6622,Peru,7,80,85,1,0,9127,73,0.5
453-24-4906,Syria,2,68,38,6,30,9844.41,92,319.2
234-48-2595,China,4,82,38,9,125,4041.4,76,546
362-04-1954,Ukraine,5,66,78,3,60,2175.42,94,141.4
652-09-8808,Philippines,7,83,30,9,33,6295.23,49,224.9
223-66-4294,China,7,56,47,6,176,939.18,90,179
805-34-5337,Canada,6,78,67,4,119,1494.13,42,192.5
269-65-6798,Philippines,7,70,61,1,125,8529.2,8,1151.9
627-59-8025,Philippines,3,59,34,8,139,3222.61,20,484
774-85-9467,Mexico,1,61,72,3,48,9827.3,93,509.7
489-93-5871,Comoros,7,70,50,0,89,396.87,6,38.6
131-74-7701,Panama,4,59,59,4,76,6515.24,85,535.1
832-43-7275,China,1,76,83,3,157,4784.64,72,811.6
110-64-9611,Indonesia,7,80,44,3,195,10663.08,97,2246.2
364-07-3857,China,1,81,75,0,73,9182.31,17,724.2
379-44-6968,France,6,71,45,8,189,814.44,16,166.7
190-74-2766,Japan,1,64,35,6,187,9340,13,1886.5
851-75-4023,Indonesia,6,60,32,1,4,9643.67,63,42.1
355-57-8632,Indonesia,6,60,73,8,37,3693.38,37,148
692-32-4274,China,0,64,74,9,58,9576.88,77,600.1
245-61-6029,Portugal,3,75,34,1,28,4831.3,98,146.4
184-35-0434,Armenia,6,77,61,9,75,7218.02,84,585.2
222-10-1304,Philippines,3,72,65,1,43,9757.39,21,453.4
753-48-5430,Sweden,3,54,51,6,36,10662.47,72,414.9
671-14-3552,Sweden,4,78,74,10,139,5064.59,82,760.7
305-30-3738,China,5,83,72,4,90,10479.97,46,1019.1
553-09-1005,Indonesia,7,77,70,5,168,8464.7,40,1536.3
121-78-4208,Colombia,0,64,42,9,86,4474.83,16,415.8
594-75-3711,Indonesia,3,54,58,3,85,3649.21,7,335.3
467-85-3870,Venezuela,5,64,76,9,178,4280.28,96,823.3
380-78-0274,China,6,66,55,3,137,2688.68,78,398.3
483-97-6662,Indonesia,5,60,53,0,95,2361.84,97,242.7
682-59-2742,Malaysia,5,68,56,5,56,7514.37,93,454.9
717-75-7968,China,7,59,69,9,41,10717.75,20,475.1
325-21-9619,Thailand,4,84,39,2,156,7999.41,66,1348.1
664-46-5045,China,3,61,50,10,27,1884.27,74,55.3
241-18-3696,China,3,70,47,1,181,6877.76,40,1344.8
734-60-4732,Portugal,3,64,62,7,82,6409.74,7,567.9
389-83-3341,Indonesia,4,74,75,4,147,3999.02,85,635.3
722-99-4130,Israel,3,71,32,5,138,9991.08,28,1489.4
484-29-5794,Poland,4,74,59,5,128,8637.36,17,1194.4
644-78-6787,Ivory Coast,6,69,54,3,40,11318.81,86,489.4
340-65-4320,Mexico,4,70,67,4,95,6905.63,53,708.9
421-96-9008,Philippines,5,71,55,5,126,2614.78,72,356.2
439-01-2577,China,4,67,75,0,157,965.35,19,164
356-65-9544,Egypt,7,57,80,3,17,6378.37,99,117.6
522-17-2473,Pakistan,1,60,33,4,165,7412.36,29,1321.1
846-21-3275,Bosnia and Herzegovina,1,59,42,2,89,2638.98,69,253.9
264-59-3547,Portugal,6,77,51,2,1,2045.08,3,2.6
289-37-8623,France,3,80,68,5,88,3310.94,94,315
486-24-7101,Russia,4,63,69,8,129,8517.83,16,1187
572-76-6388,Vietnam,5,53,35,6,38,4570.11,30,187.9
698-84-7290,Thailand,3,66,78,0,194,5281.29,92,1106.9
125-28-6940,Indonesia,4,54,53,6,78,3661.92,14,308.8
303-05-8271,Canada,6,64,66,5,178,2184.78,70,420.5
478-06-4299,Peru,2,61,58,5,118,3618.12,44,461.4
233-18-5047,Syria,2,63,36,10,164,1110.16,61,196.9
281-12-4721,China,5,64,45,5,161,655.07,79,114.3
290-09-2503,Colombia,4,64,62,7,15,8664.02,78,140.7
324-15-4305,Poland,1,77,84,3,63,1450.95,72,99
739-82-8145,Indonesia,1,77,74,9,174,5118.09,74,962.1
572-45-4226,China,1,85,51,1,172,6430.16,33,1194.7
128-55-4312,Brazil,1,83,41,9,88,2242.72,4,213.4
889-07-1040,South Africa,4,71,37,5,68,5240.05,4,385.2
805-60-2039,Russia,3,70,72,0,151,1990.25,40,324.9
624-41-9651,Ethiopia,5,58,73,4,47,4508.13,72,229.2
420-70-7277,Mongolia,1,76,55,7,199,2412.53,26,518.7
733-68-3802,Sweden,7,72,45,10,120,4462.83,53,578.9
221-47-2870,Indonesia,7,81,70,4,191,4260.94,24,879.5
557-95-8752,Poland,0,53,83,3,187,4187.27,32,845.8
679-20-3452,Japan,3,81,54,4,69,10888.91,60,811.8
898-60-7927,Indonesia,1,65,50,0,12,6538.99,48,85
582-02-0057,China,1,70,33,7,131,7215.73,86,1021.1
337-21-3249,Indonesia,5,79,30,9,100,4687.34,47,506.6
689-53-0416,Palestinian Territory,1,77,38,7,21,8604.47,95,195.4
291-31-9214,China,5,64,77,0,9,7093.08,27,69.3
103-48-8949,Indonesia,6,67,61,8,42,5829.82,73,264.9
393-74-2259,China,0,67,54,6,114,10265.52,34,1264.1
277-86-5108,Portugal,5,67,31,7,15,7036.35,48,114.4
808-66-7639,Philippines,2,76,63,7,170,1534.73,54,282.1
205-19-2596,Indonesia,5,59,70,8,157,7911.39,31,1341.8
311-37-2045,Tanzania,6,77,46,9,67,4612.88,33,334.2
618-74-1973,Ukraine,3,65,75,5,52,9482.81,77,532.9
298-55-8193,Norway,3,77,48,10,98,387.96,95,41.4
439-53-6005,China,7,53,64,0,193,3170.22,98,661.3
606-76-6531,Canada,5,82,49,6,89,6662.01,75,640.8
487-77-2868,Indonesia,4,81,73,4,186,4616.95,68,927.9
140-69-2133,Poland,5,84,57,10,176,941.52,31,179.4
826-96-7247,Lithuania,0,58,36,10,81,10281.43,40,899.6
557-85-2983,Philippines,3,70,31,10,119,2327.83,90,299.5
301-58-0029,Brazil,7,69,52,7,16,3157.47,78,55.1
550-32-7846,Indonesia,0,53,85,0,189,926.53,53,189.3
716-64-8832,Ghana,7,81,46,0,199,649.58,38,140.1
871-34-7288,China,5,57,31,8,43,9444.92,44,439
346-39-9147,French Polynesia,4,63,78,1,59,9089.19,94,579.6
469-89-3373,China,6,77,49,3,164,300.7,28,53.7
808-09-3486,Armenia,4,55,34,2,90,1652.06,5,160.9
835-57-2153,China,2,85,81,0,123,5015.54,67,666.6
556-17-0259,France,2,59,51,9,113,9499.13,88,1159.6
709-87-6101,Japan,0,76,57,8,76,10292.71,78,845
742-02-4596,China,6,65,84,0,119,711.26,27,91.9
545-89-5710,Czech Republic,4,75,60,10,195,473.32,85,100.1
164-79-4017,Greece,3,53,83,10,7,3663.35,24,28
428-87-6767,China,1,61,76,7,47,5973.93,62,303.5
541-44-6686,Palestinian Territory,6,78,85,1,60,6824.85,5,442.7
769-36-0601,China,5,65,57,7,32,1228.24,42,42.8
223-53-5667,Czech Republic,3,70,45,9,6,2972.89,37,19.6
422-06-7284,Indonesia,6,83,78,6,41,5336.73,73,236.8
511-77-4543,Norway,6,61,52,2,92,3360.17,86,334.3
468-80-7819,China,6,81,40,2,93,10959.72,95,1101.3
762-45-5216,Portugal,6,69,33,1,109,10107.71,72,1190.3
685-17-7402,Yemen,7,72,80,10,176,6604.13,18,1255.8
371-87-3589,France,7,65,64,4,71,10244.9,100,786.1
860-68-0820,Portugal,3,66,49,1,0,5195.5,14,0.3
497-80-7871,Russia,3,55,48,2,105,3297.96,30,374.3
490-08-3512,Czech Republic,3,85,51,6,27,1955.8,94,57.4
708-21-2170,China,7,53,31,8,44,6176.81,80,294
555-32-3546,China,5,72,48,10,66,5347.61,77,381.6
339-01-1484,Indonesia,0,84,69,5,98,1486.67,64,157.6
511-53-3547,China,7,68,45,8,96,3363.14,52,349.2
597-50-1267,Palau,1,70,47,10,189,6264.81,78,1279
345-96-5039,Madagascar,0,79,52,7,3,524.52,26,1.9
530-72-0362,Czech Republic,4,74,55,0,142,11280.98,62,1730.4
368-25-5168,East Timor,0,85,67,1,72,4856.64,75,377.9
403-76-2228,Egypt,5,64,41,3,199,9974.66,96,2144.2
200-52-6696,Brazil,0,80,45,10,16,6906.52,25,119.5
288-15-3288,Puerto Rico,7,62,31,9,52,10641.38,65,598.1
774-13-5170,Indonesia,4,73,50,8,47,2417.3,39,123.1
891-93-3002,Greece,5,83,30,5,95,8933.51,6,917
781-89-2678,Ukraine,1,53,84,2,11,982.54,63,11.9
785-53-8498,Syria,4,55,41,8,109,462.71,63,54.8
248-96-0005,Portugal,2,79,51,0,118,1349.43,92,172.3
409-09-7952,Russia,1,63,39,10,33,10130.54,100,361.3
729-11-0760,Czech Republic,2,63,49,0,133,8467.51,80,1216.5
402-14-2441,Poland,1,62,60,4,123,10259.81,60,1363.1
547-43-3191,Russia,3,85,52,6,164,8753.81,94,1550.8
714-34-1163,Peru,4,59,43,1,9,3888.39,8,38.1
796-40-3771,Brazil,3,85,82,8,89,9671.18,54,930
445-07-0989,Portugal,7,72,43,5,44,7030.08,48,334.6
439-58-6795,France,4,63,52,0,188,6529.03,67,1326
331-27-4655,Ukraine,6,67,42,0,189,6710.88,69,1370.3
817-40-4786,Tanzania,1,66,47,7,123,2927.02,29,389
182-52-0176,Nigeria,2,82,63,0,83,3896.2,34,349.5
165-06-2401,China,6,79,52,8,135,10283.56,57,1499.8
801-83-1506,Namibia,6,66,45,3,70,6915.03,6,523.2
294-26-7671,Indonesia,5,58,47,4,69,7979.91,7,595
640-78-3602,China,0,63,42,5,106,3680.86,45,421.5
713-38-9733,Uruguay,2,67,39,10,57,5403.96,79,332.9
831-09-8162,China,4,63,85,3,147,5668.82,51,900.4
829-19-2408,China,5,77,77,10,166,8754.44,74,1569.9
723-06-2076,China,6,62,45,10,65,11387,81,799.8
640-01-7055,Russia,7,57,71,3,174,6863.2,56,1290.2
714-35-4189,China,6,64,81,3,67,10253.53,91,742.4
897-37-4431,Indonesia,2,74,75,1,79,9527.89,24,813.2
811-86-7613,Philippines,2,65,83,9,6,10795.8,28,70.2
368-12-6826,Armenia,2,82,37,2,188,522.91,93,106.5
536-38-7607,China,4,69,75,8,38,10658.08,69,437.8
422-35-8487,Sweden,4,70,49,6,5,3118.12,40,17.2
588-02-8026,Brazil,4,69,61,6,196,676.83,46,143.6
677-10-6833,France,3,63,61,8,2,4212.25,29,9.4
385-81-8581,Vietnam,6,67,62,10,108,10551.42,16,1231.2
173-70-1880,Brazil,7,53,37,7,22,7160.99,69,170.6
828-61-6082,China,6,70,34,8,3,3595.1,51,12.1
651-62-5522,Albania,2,82,32,2,182,5581.79,64,1097.4
549-19-6100,Portugal,4,53,44,4,138,9539.87,59,1422.2
296-07-8199,Pakistan,0,69,51,5,153,5363.1,6,886.4
640-06-5483,Canada,7,75,58,1,192,9140.5,41,1895.9
847-11-1552,Ivory Coast,5,53,85,1,47,5212.67,42,265
556-51-1847,Nepal,7,85,84,8,147,10037.76,49,1594.1
374-15-6121,China,1,59,42,7,69,7593.93,78,566.1
849-63-1875,Indonesia,0,81,62,3,32,1253.34,95,43.5
572-22-3824,China,5,74,50,6,61,10639.21,16,701.3
804-42-1778,Paraguay,5,77,33,10,157,3585.89,12,608.4
803-88-5844,China,0,59,69,1,123,426.2,73,56.8
827-96-4253,Andorra,2,80,56,8,99,2843.35,72,304.3
492-71-3099,Malaysia,3,72,51,1,111,5826.84,34,698.8
700-05-5703,Tanzania,5,60,57,1,49,6060.05,95,321.1
760-72-6455,United States,3,75,50,3,196,5760.99,7,1219.8
554-21-4563,Guadeloupe,3,72,60,4,162,2676.58,1,468.6
186-74-5445,China,0,76,71,0,79,5369.88,24,458.3
452-70-5102,Indonesia,5,73,83,3,13,7253.33,81,102.3
488-61-6938,Ukraine,0,76,77,0,195,3358.04,38,707.4
478-18-0264,Indonesia,4,56,46,8,132,5518.58,52,787.1
332-38-5774,Cuba,6,72,68,3,95,8722.98,62,895.4
413-94-4324,Indonesia,6,63,51,9,199,1641.43,77,353.2
531-95-0107,Mexico,7,79,58,2,9,6809.24,9,66.7
722-61-6415,China,5,84,80,2,159,8855.44,41,1521.1
442-55-1713,Portugal,4,55,66,6,162,1977.62,28,346.3
287-81-2079,Guatemala,2,79,44,7,96,808.1,97,84.1
108-46-8846,Indonesia,4,76,65,4,135,7658.39,34,1117
838-54-6923,China,5,58,32,0,124,10925.41,83,1463.5
290-63-7823,Brazil,6,73,71,7,175,4274.86,63,808.4
568-91-6935,Philippines,0,55,63,2,26,7666.29,29,215.4
869-95-4101,Argentina,5,79,76,7,84,10608.53,96,962.9
228-54-4036,Nigeria,0,66,52,3,109,3739.54,42,440.4
838-48-8787,Indonesia,4,83,84,1,13,5701.51,78,80.5
849-04-6188,Vietnam,2,84,33,6,165,2560.67,39,456.6
787-64-3880,France,0,82,54,2,45,8628.08,88,419.5
378-29-9637,Canada,4,78,78,8,41,9244.1,57,409.7
178-42-7033,China,5,69,56,4,122,5439.78,99,717.2
683-91-5529,Palestinian Territory,0,71,65,8,51,1888.46,26,104.2
405-02-7662,New Zealand,1,78,74,2,143,5966.15,4,921.6
158-39-1642,Portugal,3,79,50,7,24,9641.25,92,250.3
258-28-7706,China,3,77,37,4,134,8133.23,5,1177.3
133-97-9833,Portugal,2,71,73,5,14,2990.45,33,45.5
697-42-6968,Poland,6,69,37,1,118,1662.32,9,212.3
312-45-8127,Brazil,4,79,73,1,133,8524.14,5,1224.8
435-71-6950,Portugal,5,65,78,4,156,8099.64,96,1365.1
679-13-2509,China,0,71,71,6,146,6573.08,0,1036.6
411-97-7244,China,4,71,69,6,69,4509.9,82,336.5
355-99-8906,Croatia,7,78,40,8,17,3139.04,50,58.1
766-22-7209,Portugal,3,64,73,8,78,2268.54,71,191.4
676-59-9049,China,7,80,47,8,107,1536.65,29,178.1
765-75-9626,China,2,65,42,5,39,8976.67,61,378.4
785-27-6274,China,0,75,73,6,183,1696.16,95,335.5
245-95-8077,United States,1,62,67,7,171,9427.79,88,1741.4
285-63-4089,Philippines,3,72,47,7,4,7689.18,41,33.5
497-36-1874,France,1,71,61,7,141,3175.75,46,483.8
593-17-3972,Portugal,4,77,52,1,25,11145.57,50,301.3
680-80-1518,Philippines,6,84,65,1,164,6343.77,32,1124.1
341-99-3721,France,3,59,40,10,54,4890.95,81,285.6
285-87-2585,Portugal,5,79,51,5,163,5244.53,4,923.6
481-41-9166,Argentina,4,54,80,6,198,4922.08,44,1052.9
235-35-1099,China,5,56,56,4,129,9113.16,39,1270
653-97-8726,New Zealand,7,79,80,4,20,9934.46,97,215.1
145-73-2875,Portugal,4,72,40,1,5,6767.33,0,36.9
228-62-2736,Thailand,2,71,46,6,23,6962.61,82,173.2
639-45-9848,Thailand,0,68,59,8,134,2227.01,41,322.5
263-80-5640,Sudan,5,79,51,7,18,5105.62,100,99.7
281-19-5976,Denmark,3,80,65,9,56,5124.96,35,310.3
829-01-1172,United States,2,83,35,4,80,7170.04,12,619.7
840-03-0799,China,0,80,73,2,67,6416.8,64,464.5
779-26-9639,Jordan,6,72,71,9,41,7794.93,76,345.6
845-13-7328,Portugal,7,68,45,10,157,5864.33,84,994.9
671-80-0488,China,7,57,57,9,56,10808.83,31,654.2
808-66-2667,Japan,3,64,57,10,101,4455.81,85,486.4
780-06-4589,Poland,0,81,73,9,58,4943.31,29,309.9
819-14-7158,Honduras,3,68,57,0,134,3059.23,96,443.1
478-24-6066,China,7,76,83,6,107,3772.94,82,436.5
463-86-3179,Honduras,1,53,67,6,154,3415,48,568.2
802-77-2295,China,5,77,75,4,133,6301.33,88,905.6
818-79-5410,Canada,4,60,45,8,137,8283.67,100,1226
231-90-5615,Afghanistan,1,60,73,8,3,5599.67,71,18.4
315-14-8162,Croatia,6,57,50,4,90,3375.9,10,328.5
175-53-7917,China,3,53,65,2,55,6104.68,74,362.9
392-21-2774,China,7,60,30,4,26,1171.07,64,33.4
467-06-1908,Malaysia,4,77,63,2,99,1786.97,43,191.4
486-86-7925,Nepal,7,69,67,4,184,4227.89,60,840.7
254-68-5664,China,1,85,85,8,104,1822.7,14,205
816-42-1709,Canada,2,84,47,3,163,4960.61,21,873.5
378-13-9411,Syria,3,53,61,0,91,8946.91,3,879.6
623-83-3437,China,0,58,67,8,71,3297.87,33,253
525-61-6711,Finland,4,81,35,3,4,3743.57,58,16.5
719-59-6011,Indonesia,0,67,71,4,185,5143.37,63,1027.8
225-46-7514,Russia,7,67,47,3,170,4747.35,96,872.1
334-91-5051,Peru,4,63,57,1,8,10274.72,24,89.1
554-54-2631,Philippines,2,81,70,9,16,3619.91,70,62.9
185-76-8859,Indonesia,3,63,61,8,61,247.98,1,16.6
798-84-4263,China,6,76,73,10,37,10719.15,4,428.8
811-88-1502,China,3,84,45,8,119,844.8,78,108.9
487-54-7862,Philippines,5,75,67,3,193,5676.51,58,1183.6
196-47-2733,China,3,83,77,2,186,1731.16,6,348.1
701-05-0656,China,2,79,68,10,72,2782.76,68,216.7
483-12-6794,France,5,69,46,9,154,2329.01,66,387.8
601-39-2729,Saudi Arabia,3,78,70,2,40,10612.35,87,458.8
355-24-7889,Gambia,6,63,32,3,47,7401.14,18,376.1
591-64-9037,Ukraine,4,53,62,1,1,6504.8,76,7.4
157-57-4547,Japan,6,64,32,10,188,4011.31,59,814.9
187-40-9022,Indonesia,4,69,41,7,94,6137.58,42,623.4
490-62-6783,Indonesia,4,62,48,0,187,8896.21,35,1797
795-84-7456,Pakistan,0,53,80,4,28,8352.16,35,252.7
429-39-5397,Greece,4,58,58,5,117,11351.49,32,1434.7
850-13-9937,Brazil,5,74,48,10,105,6124.71,94,695
781-97-0966,Brazil,4,67,85,5,156,4907.06,90,827.1
382-54-8269,China,3,78,30,5,78,3761.1,9,317.1
104-30-3499,Portugal,1,74,50,6,190,9568.52,95,1963.7
870-82-3617,China,0,84,47,8,185,6618.76,64,1322.6
172-28-9479,Venezuela,3,68,61,7,96,10835.23,96,1123.7
198-12-1713,China,6,79,45,3,69,10635.5,89,793
487-87-0182,China,1,66,72,2,4,6156.51,74,26.8
593-72-3054,Kenya,2,70,65,5,61,9360.59,41,617
328-37-1325,Poland,4,69,58,10,77,11254.53,97,936.3
607-49-8298,Brazil,4,57,80,0,98,5293.75,95,560.7
700-93-5976,Greece,5,81,46,9,185,8169.58,90,1632.7
858-50-4610,China,3,74,49,8,109,6575.26,41,774.4
668-40-7221,Czech Republic,2,67,77,7,126,7732.35,9,1052.5
380-96-3808,Uzbekistan,6,73,57,3,122,10182.84,48,1342.1
814-22-9560,Indonesia,3,58,46,10,54,6437.76,10,375.7
863-08-7416,China,7,63,60,8,178,8179.47,43,1572.9
238-24-1506,Indonesia,1,63,49,4,135,10287.01,39,1500.1
575-56-4899,Indonesia,4,85,31,4,86,9099.67,62,845.6
616-53-3070,China,5,69,41,7,154,1748.34,92,291.2
778-44-6988,Japan,1,54,70,9,100,11326.64,95,1223.5
119-94-0743,Czech Republic,2,65,56,5,82,10548.47,84,934.5
799-15-9749,Poland,4,80,80,0,73,5113.79,97,403.6
212-61-2032,Indonesia,1,56,49,9,155,10947.02,12,1832.7
612-76-1526,Israel,5,76,49,5,97,2538.52,50,266.3
775-32-5907,Indonesia,1,76,60,3,120,7856.79,79,1018.5
279-72-5350,China,5,58,77,5,174,2476.95,86,465.9
146-13-1925,Indonesia,3,62,80,7,184,9905.5,23,1968.7
850-24-6316,Norway,3,53,68,9,27,2976.32,24,87.1
770-77-9300,Russia,4,72,83,8,19,4896.55,10,100.8
526-71-6311,China,5,73,58,3,32,8412.55,11,291.1
743-19-4042,China,2,53,50,9,41,10389.41,45,460.3
853-77-3042,Ukraine,2,58,30,8,41,4315.31,99,191.3
412-97-3582,Poland,6,64,79,5,0,5644.81,66,0.5
432-44-4937,Vietnam,1,63,59,1,160,6301,65,1089
290-40-7878,Indonesia,2,60,44,6,103,6588.05,58,733.1
323-20-6524,Russia,5,78,60,9,156,11019.15,47,1856.9
524-67-0808,Uganda,1,60,57,6,166,8785.3,42,1575.2
168-26-9738,Palestinian Territory,6,62,34,1,166,6734.79,92,1207.9
250-04-5638,South Africa,1,66,34,8,67,1811.02,37,131.2
572-78-0613,Bolivia,3,66,50,8,14,603.12,56,9.4
706-54-0392,Indonesia,6,57,34,3,78,5367.46,4,452.5
597-03-4759,Japan,7,70,58,2,134,2187.46,19,317
197-98-1208,Honduras,6,73,74,10,113,3602.07,99,440.1
312-24-9763,Brazil,3,75,76,5,36,4655.68,11,181.3
493-77-9411,Netherlands,5,73,45,10,152,2797.16,73,459.6
333-04-0878,Portugal,6,79,50,6,131,2050.21,44,290.5
714-36-7268,Russia,4,79,57,9,154,9202.9,49,1531
617-78-2662,China,3,66,33,7,187,6037.3,73,1219.6
830-80-9875,Russia,2,56,45,7,62,10539.41,74,706
196-08-0009,Comoros,0,83,37,3,127,640.11,29,88
840-11-5296,Japan,0,61,67,8,2,9773.12,99,21.3
458-64-1509,Ukraine,1,80,42,1,186,7797.1,83,1566.5
625-23-0975,Philippines,1,69,75,8,132,2004.38,84,286
215-25-4321,Indonesia,1,81,64,6,37,10344.98,39,413.6
230-74-0663,Poland,6,56,61,0,192,470.66,3,98
718-41-7618,Saudi Arabia,3,77,59,8,13,4434.98,77,62.6
524-76-7460,Portugal,1,70,70,4,49,4606.12,3,244
610-95-5597,United Arab Emirates,7,73,77,0,124,5017.07,37,672.4
639-55-4992,China,0,73,59,0,83,8910.82,19,798.9
229-05-6612,Bangladesh,0,78,56,0,13,8915.25,49,125.4
257-90-7401,Portugal,1,70,44,3,75,11364.37,65,920.7
562-46-2421,Indonesia,5,76,52,4,62,9153.68,10,613.3
351-35-0778,France,0,54,48,4,12,6892.7,90,89.5
584-88-6201,Philippines,1,70,49,8,164,815.53,3,144.6
594-16-9868,Armenia,1,83,32,2,93,7035.66,89,706.9
390-28-6994,China,0,73,31,9,95,438.52,58,45.2
472-90-5048,France,4,55,57,8,193,3380.79,83,705.1
117-78-7102,Ukraine,0,58,39,8,186,8153.31,54,1638
344-96-2842,China,3,57,32,1,1,2795.11,61,3.3
242-62-9239,Canada,2,82,35,10,93,4488.64,30,451.1
834-42-9647,Morocco,1,82,67,7,164,1138.16,91,201.9
796-29-5114,Indonesia,6,82,59,1,80,9757.12,13,843.5
334-73-2167,Russia,7,66,84,7,1,8413.4,87,9.6
664-17-4190,Portugal,0,55,47,9,58,4174.54,64,261.7
550-47-0488,Greece,2,63,48,9,186,5494.5,17,1104
586-11-3596,Brazil,3,81,32,8,74,4625.54,28,370
458-48-0693,China,7,53,62,9,129,10826.72,90,1508.9
787-06-7356,Morocco,3,59,56,7,187,4962.74,26,1002.6
391-92-9519,China,7,62,85,3,37,10308.54,82,412.5
345-98-1858,China,7,74,80,2,137,7317.18,49,1083.2
154-06-3551,Mexico,5,74,31,0,61,8463.85,34,558
278-89-8725,Russia,4,65,81,9,51,9107.44,28,502
197-17-2683,South Africa,2,75,74,1,93,7559.44,37,759.6
400-13-1153,Greece,2,59,43,5,24,8088.2,8,209.9
478-41-6998,China,7,54,82,1,69,2185.19,7,163.3
186-50-5039,China,5,79,33,2,56,6603.83,32,399.8
571-65-5632,South Africa,0,54,43,1,36,2984.83,75,116.2
283-34-1358,Nigeria,4,54,50,4,108,1677.39,69,196
365-36-3302,New Zealand,2,73,63,8,131,9869,87,1396.6
143-62-7407,Canada,3,77,64,6,104,3724.82,20,418.7
607-61-0279,Venezuela,5,53,45,9,139,6048.3,74,908.4
148-92-3026,Indonesia,7,85,36,2,170,4647.88,4,853.8
318-99-4524,Indonesia,7,72,50,7,113,232.63,6,28.9
753-81-5593,China,3,66,40,5,161,6196.24,75,1077.7
189-62-8701,China,2,67,46,8,177,858.91,15,164.4
428-80-1324,China,3,85,75,0,76,274.6,67,22.9
478-76-3092,Vietnam,7,79,37,8,161,8678.81,14,1509.6
452-69-4949,China,3,62,32,2,148,10407.08,1,1663.7
586-35-1491,Moldova,7,62,47,10,64,3230.15,69,223.8
834-54-3380,Croatia,3,61,79,7,190,5142.96,21,1055.6
246-54-1644,Russia,6,79,42,8,167,5628.18,4,1015.5
656-10-7361,Uzbekistan,6,54,56,4,25,6309.82,40,170.8
744-65-3632,Nigeria,1,73,77,4,61,10125.41,55,667.3
500-60-2795,Ukraine,0,67,45,10,140,2446.05,58,370
209-04-7708,Poland,4,83,44,0,13,4720.38,25,66.6
636-51-8497,Iran,5,67,64,6,64,8042.96,84,556.4
239-87-7567,Ireland,1,77,58,4,112,2738.79,18,331.5
630-73-5302,United States,1,66,62,9,101,7831.29,92,854.5
676-41-7739,China,3,68,85,10,70,5646.88,98,427.3
134-46-9257,China,2,71,50,4,188,6940.26,58,1409.4
529-38-6435,United States,4,65,77,3,48,9037.26,16,468.8
559-18-3764,East Timor,7,84,81,5,18,7601.29,55,148.3
555-15-5878,China,3,60,62,3,28,6615.32,50,200.4
131-57-1352,Russia,0,85,67,9,167,10470.49,0,1888.6
164-86-0190,Peru,6,82,52,8,77,10961.59,39,912
198-64-5501,Peru,3,69,35,8,196,6048.59,60,1280.7
431-37-9124,China,5,70,36,9,73,6727.93,16,530.8
848-97-9758,Thailand,3,78,46,6,138,3577.31,49,533.5
593-77-6491,Kenya,7,65,74,3,59,4693.03,3,299.5
722-22-8739,Thailand,2,61,33,9,15,2388.8,1,38.9
448-21-2214,Georgia,4,59,31,0,20,7404.41,16,160.2
795-15-2468,Russia,1,83,82,2,143,4351.59,98,672.4
118-22-6720,Armenia,6,63,53,1,41,10727.67,49,475.5
330-15-6617,Poland,0,77,54,8,21,7672.19,65,174.2
484-27-0972,Portugal,0,74,44,2,152,5645.03,47,926.9
329-91-2039,United States,0,66,51,9,158,2729.33,63,465.9
574-74-4682,Russia,0,60,59,3,105,3657.3,58,414.9
170-14-0264,Sri Lanka,1,65,83,10,64,1875.03,89,129.9
408-08-5520,Indonesia,4,57,55,3,130,6484.18,78,910.7
504-45-4507,Indonesia,6,59,38,8,49,4919.52,88,260.8
198-22-5301,Colombia,1,59,62,4,32,10380.35,97,359
407-30-2939,Vietnam,4,61,74,8,26,8647.8,55,243.2
519-79-0683,Ireland,0,75,57,3,84,11342.08,69,1029.2
357-83-1063,Armenia,4,53,49,4,101,1999.88,47,218.5
765-18-8140,China,6,64,63,8,121,2378.46,99,311.3
370-75-4782,Vietnam,0,74,44,7,54,7583.49,17,442.4
313-59-6109,Burkina Faso,7,53,47,2,89,1188.43,20,114.7
164-46-5907,Ukraine,4,58,60,5,108,2647.12,60,309.1
543-40-8270,Palestinian Territory,7,77,55,4,86,597.61,100,56
175-62-7902,Ireland,4,57,47,6,18,9835.43,70,191.5
527-70-1704,Sweden,3,59,31,8,79,8799.26,53,751
555-23-6510,Georgia,5,59,67,2,29,3030.86,87,95.3
859-73-9122,United States,6,56,31,9,90,9492.87,94,923.1
698-29-5169,China,1,64,30,10,93,6689.84,98,672.2
362-66-9071,Netherlands,7,55,46,7,191,9578.25,89,1976.3
831-91-2014,China,1,80,40,1,160,7733.91,23,1336.6
799-38-4399,Sierra Leone,7,64,76,5,112,10298.28,42,1246.2
167-09-4862,China,2,54,32,7,176,4664.64,71,886.9
647-04-4562,Philippines,5,61,66,0,34,4912.91,82,180.8
419-52-3930,China,7,61,69,3,147,1263.55,73,201.1
798-05-2130,Philippines,4,71,36,2,159,4180.87,65,718.3
385-25-2292,China,5,58,65,6,161,1331.51,79,231.9
651-30-0088,Indonesia,7,55,77,2,159,1249.44,53,215
133-42-0510,Philippines,4,68,61,4,108,5693.74,61,664.5
678-71-7439,Canada,1,81,66,6,137,1613.46,76,239
264-52-8973,Portugal,6,76,30,4,162,3055.67,29,535.1
418-48-8275,Indonesia,7,71,55,5,129,7101.5,100,989.9
401-88-9557,Latvia,1,55,74,2,140,8715.51,58,1318
504-49-4983,Ukraine,1,82,73,8,105,10310.05,90,1169.4
274-76-9035,Philippines,7,60,75,10,79,439.17,76,38
603-71-9347,Japan,4,67,72,2,57,10460.25,41,644.3
420-77-6886,Croatia,6,56,34,6,185,9256.19,34,1849.8
705-40-4194,Ireland,5,68,48,5,39,7849.67,7,331
576-87-3402,Portugal,6,69,71,3,10,4010.11,88,43.8
386-73-5299,Russia,3,54,33,5,36,10951.18,97,426.1
868-35-7590,Azerbaijan,6,84,72,10,200,2705.9,36,585
525-24-5050,Vietnam,4,53,54,8,173,7884.26,75,1473.4
358-05-0361,Czech Republic,3,57,83,4,143,9683.17,91,1495.8
284-29-1287,China,7,71,76,3,9,3256.11,83,32.2
871-21-2249,China,0,70,46,10,88,6384.06,2,606.9
377-79-9044,China,3,55,39,7,135,10475.07,92,1527.6
747-90-3567,Colombia,6,72,69,0,76,6655.12,33,546.7
295-25-7944,Sweden,0,69,45,1,147,3606.89,72,572.8
782-01-7863,Poland,6,72,65,3,82,4468.67,83,396.2
532-70-2357,Thailand,5,72,74,0,55,3168.6,65,188.6
285-64-9249,Jordan,6,83,82,8,163,9134.33,8,1608.5
762-12-2041,Finland,6,74,81,1,20,5615.85,56,121.8
823-16-4890,Portugal,6,74,61,6,131,8642.62,21,1223.2
533-42-3925,China,2,80,45,8,156,5744.99,88,968.2
136-62-5979,Poland,2,59,82,2,108,7077.19,14,825.7
214-75-4726,Tunisia,6,76,44,7,174,2276.02,22,428.1
536-23-1025,Argentina,6,68,65,10,71,7858.16,62,603
364-51-2149,Honduras,7,82,79,10,59,10735.64,26,684.6
167-12-8749,Colombia,6,59,32,5,52,1694.64,76,95.6
262-58-4226,Sweden,0,78,60,9,171,4527.89,81,836.4
687-83-7547,Greece,7,75,45,10,30,10436.85,27,338.6
250-95-2808,Greece,2,70,37,0,59,1866.69,70,119.2
493-65-9637,Argentina,2,81,61,0,74,2057.03,81,164.7
572-36-2000,Portugal,5,68,41,0,62,4161.29,21,279
466-19-6333,Ghana,3,53,42,0,68,5004.09,34,367.8
509-54-1760,France,3,57,37,9,86,10119.06,80,940.2
556-65-2319,China,7,66,51,4,127,10761.68,61,1476.6
359-74-8299,Philippines,7,59,38,9,36,4442.38,69,173.2
325-16-7676,Greece,2,69,62,7,3,9854.75,32,32.2
521-92-8743,Pakistan,0,70,36,8,115,11255.6,5,1398.1
173-93-6495,France,7,61,68,0,130,5211.47,86,732.2
324-47-8320,Argentina,0,53,31,10,103,10719.84,31,1192.6
633-22-5059,Indonesia,4,84,71,5,118,6878.91,89,877.1
237-16-6876,Philippines,7,85,81,8,21,4166.79,59,95
668-24-3934,Indonesia,5,54,58,9,66,5683.36,40,405.5
327-23-7903,United States,2,70,82,6,58,7622.99,96,477.8
715-73-2897,Ethiopia,1,54,66,10,71,4635.57,48,355.7
132-49-0271,Norway,5,82,85,7,30,9973.28,65,323.6
392-37-9512,China,1,63,42,6,147,2187.99,42,347.6
850-14-5585,Vietnam,3,80,44,5,58,754.78,10,47.6
790-67-0041,Indonesia,3,79,75,6,109,9814.26,73,1155.7
680-96-6640,Italy,6,59,54,5,168,9647.9,47,1750.9
494-62-6460,China,0,64,78,1,74,6055.6,23,484.1
183-30-9487,Russia,5,74,33,8,178,5839.49,33,1123
798-72-7287,Czech Republic,0,56,62,10,25,8436.02,93,228
711-28-5073,Philippines,3,68,57,8,181,11277.87,28,2204.9
812-04-2085,Indonesia,7,76,43,7,170,353.16,71,65.4
493-16-1044,Ukraine,2,61,41,5,22,2625.51,67,62.6
192-20-8060,Honduras,6,58,37,3,76,7417.8,78,609.3
866-24-5295,Palestinian Territory,0,75,77,7,103,3740.43,1,416.3
447-82-9302,Ukraine,2,56,80,10,191,11228.06,64,2316.4
482-90-4861,Kosovo,5,55,78,2,98,2726.58,58,289
333-62-4074,Japan,4,63,82,6,190,9504.1,0,1950.6
103-32-4044,China,7,69,34,3,29,2718.2,22,85.6
611-17-0205,Colombia,1,61,30,7,181,9012.29,7,1761.9
330-91-2555,Greece,5,69,65,9,153,8332.83,3,1377.3
304-91-8646,Indonesia,7,69,44,5,23,4390.96,24,109.5
208-23-7002,Russia,7,81,71,5,161,3450.22,99,600.5
229-67-2707,China,1,74,35,7,185,10523.61,63,2102.8
801-12-6636,Philippines,7,61,30,10,121,5562.95,49,727.4
538-20-1796,China,6,67,59,6,70,2771.13,59,210
158-29-2860,China,3,57,30,3,174,1396.16,6,262.6
733-33-6186,Ukraine,6,67,43,10,55,4325.3,75,257.4
525-72-1409,China,6,65,68,2,26,8695.58,92,244.6
166-84-4221,Canada,2,80,30,5,61,4804.05,80,316.8
578-02-1282,Brazil,6,53,50,2,71,2354.22,40,180.9
258-85-5441,China,5,57,46,0,98,9417.79,82,997.2
637-92-0719,Honduras,0,69,79,0,143,11195.22,87,1729.2
658-05-9229,Colombia,1,61,70,0,28,622.83,10,19
495-14-5207,Mexico,6,77,41,2,124,7427.11,33,995.1
212-32-2051,Portugal,1,78,52,2,155,10943.08,13,1832.1
346-58-0431,China,6,55,61,5,4,11356.61,23,49.5
291-54-8639,Argentina,2,54,75,0,36,7263.08,72,282.7
462-72-6866,Russia,2,81,71,7,106,5221.33,45,598
469-88-5275,Mexico,3,54,81,1,78,9587.15,14,807.9
430-17-4208,Czech Republic,7,83,54,8,140,262.14,65,40.2
204-63-4494,Indonesia,3,55,79,8,116,11299.17,59,1415.9
626-16-5630,Bolivia,4,58,33,8,143,9880.72,13,1526.3
865-52-5098,Portugal,1,83,84,4,118,7437.46,75,948.1
252-04-7983,Philippines,6,66,85,3,116,2434.98,100,305.6
515-98-0132,Iraq,2,66,30,2,198,11213.8,91,2398.2
554-99-0016,Benin,6,62,72,3,196,2987.68,20,632.9
772-94-7811,Argentina,1,84,69,2,80,8493.98,30,734.1
100-12-1951,Russia,0,83,61,6,99,4365.14,90,467
709-34-5213,Egypt,2,74,48,6,151,4728.76,11,771.4
175-22-7355,Portugal,2,60,44,10,67,4355.34,49,315.4
370-68-5457,China,0,53,49,10,126,2249.43,84,306.3
691-88-9138,Portugal,2,53,85,7,155,10092.34,53,1689.7
524-97-5501,Egypt,5,77,65,3,5,6154.73,28,33.6
169-32-9462,Vietnam,7,73,53,9,195,740.58,92,156.5
262-48-2206,Croatia,2,55,52,4,42,656.91,77,30.1
566-16-2972,Russia,7,79,84,2,187,601.39,76,122
441-06-0271,Sierra Leone,4,66,50,0,118,10566.17,7,1346.9
896-19-3876,China,6,59,37,9,144,1001.31,20,156.1
472-11-6007,Indonesia,5,59,41,4,80,6559.36,73,567.1
337-38-9197,China,6,83,53,3,74,941.47,35,75.7
115-25-3643,France,6,70,53,6,48,831.05,96,43.6
866-63-5166,China,0,59,44,6,19,1129.82,90,23.4
875-05-2675,Morocco,2,74,56,3,181,2056.29,52,402.2
549-43-6004,Nigeria,0,85,81,5,150,3595.72,39,582.7
612-31-8021,China,0,59,33,4,70,5484.06,93,414.8
426-45-8501,American Samoa,2,83,49,3,42,2460.92,18,111.9
384-97-9669,Indonesia,3,66,81,3,197,10023.47,83,2132.9
150-37-6953,Thailand,7,83,35,1,14,10711.23,90,162.5
863-16-6112,Philippines,7,65,45,9,3,8924.9,49,29.4
657-17-2381,Philippines,4,63,82,5,34,5834.54,41,214.6
725-75-3484,South Africa,0,81,30,8,163,9863.4,91,1736.6
410-60-1192,Indonesia,4,79,37,5,129,8327.42,75,1160.6
854-02-6880,Guatemala,0,73,85,5,58,3961.28,93,248.4
172-28-2140,China,5,78,53,8,136,952.78,56,140.4
594-37-0723,Philippines,0,84,41,4,16,10396.89,20,179.8
834-79-1280,China,1,53,58,3,110,4241.66,51,504.1
578-29-9188,Ukraine,1,58,54,0,104,10975.22,16,1232.9
525-78-9124,Belarus,4,67,82,2,156,7040.67,66,1186.6
123-86-8716,China,6,70,34,1,90,8708.39,97,846.9
191-96-9509,Laos,4,60,30,2,31,1680.38,78,56.6
429-18-4640,China,2,59,64,0,163,2145.33,60,377.9
483-79-3924,China,5,56,69,5,37,2168.9,27,87.1
219-69-0207,Indonesia,7,80,83,10,181,4691.74,81,917.7
157-95-7174,Morocco,4,76,52,1,186,5646.24,12,1134.6
326-98-1789,Mongolia,4,55,61,5,82,3458.04,76,306.6
582-62-0322,China,2,67,52,8,91,7305.49,92,718.3
702-06-5748,Canada,0,74,79,5,132,7672.3,62,1094
738-99-9946,Greece,2,73,38,4,139,5700.34,55,856
782-80-8456,Mexico,4,73,51,10,165,353.36,100,63.4
864-27-5270,Colombia,1,62,50,10,179,2665.59,61,515.5
598-06-8298,Jamaica,3,74,45,10,45,5189.77,52,252.5
642-28-7620,China,6,78,46,0,104,5746.04,27,645.8
609-31-9496,China,3,62,81,4,161,10141.28,24,1763.7
191-37-5036,Brazil,0,72,69,0,53,7605.89,18,435.5
107-02-8934,Central African Republic,7,62,64,6,70,8632.02,50,653.1
508-19-0880,China,7,81,56,7,144,5309.27,9,826.2
761-17-2166,China,4,68,62,3,44,7580.61,5,360.6
284-79-0359,China,7,53,74,9,64,10358.4,70,716.5
801-77-0203,Brazil,3,74,81,7,63,9268.75,83,631
307-85-6982,Portugal,5,81,68,4,169,8082.2,11,1475.6
673-54-5412,Kuwait,1,78,48,5,31,5097.51,43,170.9
584-07-8731,Venezuela,5,62,67,5,83,10134.11,45,908.8
486-33-9498,Brazil,7,76,56,4,0,2986.62,71,0.5
217-12-7640,Sweden,3,75,72,4,73,2669.83,51,210.8
636-47-2971,Philippines,3,60,33,1,50,6382.52,52,344.9
734-06-6084,New Zealand,3,77,49,1,135,11313.45,65,1649.8
428-72-1057,Indonesia,7,67,70,6,66,7368.42,10,525.7
217-69-5619,Indonesia,6,81,34,6,120,6095.83,18,790.5
491-20-1481,Cameroon,5,77,52,4,32,10873.33,92,376.2
483-57-5306,Venezuela,6,55,64,2,1,10707.53,53,12
418-87-4976,United States,4,67,42,5,166,3151.26,12,565.3
617-62-6012,Russia,5,65,78,7,26,9838.16,50,276.7
744-59-3260,China,5,75,71,1,10,5977.68,17,65
147-80-3468,Poland,5,57,57,7,166,8031.64,40,1440.3
149-91-6646,Honduras,2,70,32,0,171,2244.93,84,414.9
708-62-4732,Paraguay,6,53,60,0,51,5806.08,1,320.2
774-64-2039,Philippines,2,77,35,2,159,5204.08,6,893.9
426-40-1257,China,4,66,68,0,25,2458.37,92,66.8
225-72-3771,Philippines,6,58,66,7,158,11215.77,74,1914.3
809-50-8532,Sweden,2,70,51,6,32,8131.78,63,281.3
708-23-1891,Indonesia,2,70,69,4,109,1901.12,11,224.1
799-96-3248,Syria,4,66,48,8,62,3510.44,62,235.4
777-63-0779,Venezuela,7,53,43,8,22,10837.64,70,258
203-54-4188,Guatemala,2,81,74,0,111,1570.47,77,188.6
217-14-5700,Pakistan,3,60,31,0,153,9847.11,93,1627.4
207-77-4286,Philippines,1,61,31,6,58,681.03,44,42.9
332-97-3396,China,6,81,69,2,36,2808.17,31,109.6
888-22-9769,Iraq,0,79,42,10,180,3697.08,34,718.9
799-50-3958,Russia,7,56,40,8,21,5362.68,81,122.1
578-97-3617,Vietnam,0,68,76,1,200,3559.24,86,769
199-44-2309,Russia,5,63,67,0,142,982.4,40,151.1
611-42-2054,El Salvador,6,54,43,2,125,1220.29,35,165.1
281-76-1769,Colombia,0,83,83,9,114,6885.51,63,848
207-29-9869,Kazakhstan,4,64,77,10,133,2272.36,71,326.8
259-83-6371,Iraq,2,76,53,5,159,4151.58,8,713.2
800-69-1195,Yemen,1,69,57,4,113,3544.06,33,432.7
269-81-0423,China,6,71,60,3,62,9814.65,67,657.7
628-85-2005,Guatemala,5,81,34,2,139,9200.79,52,1381.6
115-82-0382,Poland,0,69,79,2,159,8903.33,46,1529.1
872-02-4633,Bulgaria,0,74,71,0,122,9098.93,63,1199.1
498-07-3382,Luxembourg,3,79,50,6,76,9866.74,20,810.2
670-62-5541,China,0,57,47,9,104,1836.08,28,206.4
855-23-8727,Russia,5,66,70,5,177,10886.37,1,2081.4
771-04-2292,Russia,0,80,74,6,69,4716.45,98,351.7
860-40-4548,France,0,61,75,1,139,2884.06,93,433.2
231-16-2290,Indonesia,1,78,61,3,9,319.99,15,3.3
690-89-4227,Portugal,1,59,37,6,13,6749.88,7,94.9
487-15-1653,Japan,1,61,77,6,73,2777.52,38,219.2
800-60-6852,Indonesia,3,70,43,5,49,4443.85,46,235.5
287-16-5697,France,1,84,57,10,137,6859.44,66,1015.2
284-18-7736,Czech Republic,5,66,35,3,56,1979.71,25,120.1
657-47-8633,Thailand,6,68,41,6,64,8819.2,39,610
896-50-9731,Philippines,0,75,42,4,93,3368.43,38,338.5
690-14-7494,Honduras,5,81,56,1,77,7922.83,33,659.3
568-46-1417,South Korea,6,66,34,2,169,6955.67,30,1270
146-11-2216,Philippines,6,57,63,9,160,2786.03,38,481.9
752-42-9683,Ecuador,2,65,45,6,108,3115.71,52,363.7
721-31-7227,China,1,85,73,2,193,3040.67,9,634
121-03-0975,China,7,69,78,1,118,9333.54,95,1190
536-33-5474,Philippines,7,57,49,8,116,9490.72,11,1189.4
885-79-2836,Indonesia,6,62,32,0,35,1754.99,19,66.7
659-30-6182,Iran,3,55,41,5,39,2665.35,85,112.6
557-15-7260,Chile,7,69,69,3,48,3937.51,43,204.6
708-23-3087,Brazil,3,69,34,10,29,9032.47,92,283.2
400-57-4895,Philippines,4,61,38,1,96,10411.37,72,1079.8
629-23-0509,South Korea,1,85,38,9,91,4497.2,90,442.3
738-53-1801,Ukraine,4,68,37,10,46,825.99,96,41.4
622-50-4713,Mexico,0,65,67,8,126,9197.32,57,1251.8
232-56-6994,Portugal,4,62,51,8,94,10703.72,75,1087
268-33-7711,Indonesia,4,54,36,9,163,10352.51,86,1822.8
862-85-1813,Macedonia,5,85,72,4,30,2353.74,66,76.7
289-98-8288,Indonesia,3,66,56,7,186,8643.04,28,1736.5
746-09-0361,China,7,64,47,3,12,5290.34,9,69
694-92-6648,China,7,84,42,8,37,2353.21,53,94.5
374-64-4598,Poland,4,79,63,9,22,9230.53,3,219.7
394-68-8315,Colombia,1,59,49,1,137,8435.17,1,1248.2
333-03-8881,Brazil,5,77,45,7,113,8195.79,22,1000.6
679-13-9397,China,3,59,56,6,16,9630.95,2,166.7
593-05-3117,Peru,5,68,68,3,27,8878.81,24,259.3
617-77-8859,Philippines,3,85,58,7,14,5476.54,55,83.2
642-21-3948,Poland,3,71,30,10,174,9652.05,75,1814.1
432-19-6900,Sweden,7,69,67,8,145,5615.05,82,879.8
332-82-0828,Portugal,2,75,53,10,68,5980.85,58,439.5
220-11-3599,Greece,0,58,35,9,171,3469.55,53,640.9
642-42-7300,Sweden,6,57,73,10,136,3678.33,61,540.7
581-36-0165,Indonesia,3,56,53,10,189,3193.09,65,652.1
370-09-5430,Brazil,7,73,35,0,174,6251.36,99,1175.3
217-67-6336,Indonesia,7,76,37,8,173,6454.14,28,1206.4
738-27-4454,Russia,7,57,85,9,45,4847.59,96,236.1
809-05-0982,Liberia,0,77,43,4,192,1035.82,93,215
216-25-1621,Peru,1,53,84,10,94,3093.36,74,314.3
743-37-3142,Morocco,3,67,67,9,83,11160.98,58,1000.8
154-49-8131,China,7,73,82,0,133,6097.38,7,876.3
611-11-7075,France,2,64,44,3,16,10257.54,100,177.5
208-19-8476,China,6,79,82,3,65,3817.55,76,268.5
638-38-0183,Russia,2,53,74,2,131,8146.41,96,1152.8
826-86-4058,Russia,3,78,51,2,103,5177.87,20,576.3
349-62-5965,Spain,3,58,84,8,195,10650.25,13,2243.2
162-84-5143,Poland,6,84,45,6,24,7157.71,32,186
720-81-9868,Jordan,3,78,52,10,125,7297.97,83,985.6
552-97-0806,Indonesia,2,84,45,10,89,9720.01,39,934.6
893-70-0234,Portugal,3,59,80,7,12,8208.11,88,106.7
563-02-8418,Ukraine,4,54,63,2,11,10228.13,84,121.9
641-63-6206,France,6,75,77,2,106,6346.28,2,727
649-56-6281,Sweden,2,66,66,1,155,1486.02,36,249
451-49-5357,Aland Islands,4,57,65,5,65,2976.65,30,209.3
461-07-9792,Portugal,4,66,57,8,126,5194.26,68,707.2
177-04-6313,Ukraine,7,65,85,4,91,1999.02,30,197
746-95-1270,Poland,2,84,81,2,35,753.01,14,28.8
773-11-7229,China,1,59,65,7,20,5189.79,65,112.3
859-17-2497,Argentina,4,53,41,8,56,652.02,13,39.7
494-25-0065,China,0,83,75,7,32,749.29,81,26.1
337-75-8903,Poland,3,53,32,1,90,7361.61,55,715.8
594-07-3860,Canada,6,60,47,8,188,2701.89,96,549.1
555-02-1494,Italy,4,59,74,5,87,3510.89,26,330.2
727-36-3574,China,3,66,84,7,77,10356.73,13,861.6
134-53-5575,Ukraine,7,56,81,4,109,9243.47,18,1088.6
579-63-0045,China,2,59,51,7,99,9315,59,996.2
722-78-0913,Albania,1,76,73,3,142,4463.93,27,684.8
420-29-1948,Nepal,2,72,54,9,33,9165,47,326.9
141-48-5122,Cuba,3,79,30,0,61,7246.96,63,477.7
794-86-7247,China,2,67,47,2,95,1581.66,45,162.5
775-38-3670,China,4,72,84,4,166,10501.46,71,1883.1
377-78-1917,Syria,4,76,82,5,161,4158.13,65,723.4
749-20-7280,Colombia,0,67,83,2,91,1393.04,19,137.1
519-08-6667,Sweden,6,81,47,6,53,2534.01,96,145.5
593-45-4394,Peru,5,66,57,9,100,5419.81,100,585.8
800-30-0204,Venezuela,3,68,72,9,187,2413.09,94,487.7
603-90-5815,Philippines,1,84,37,7,136,7493.01,13,1100.8
887-29-8128,Nepal,2,78,83,10,137,4822.39,61,713.8
318-62-6604,Ukraine,7,65,31,8,71,1368.88,95,105.5
753-72-1954,Brazil,1,78,52,0,15,6076.48,43,98.7
605-76-9919,Poland,4,53,78,5,75,2968.91,82,240.9
768-92-8424,United States,4,67,83,4,8,2969.15,20,26
630-38-4410,Argentina,3,73,62,6,128,8454.29,36,1169
416-14-6393,Denmark,5,73,74,5,129,8698.69,38,1212.3
667-64-4755,Indonesia,6,63,63,0,158,2424.69,37,414.2
536-87-3633,China,6,59,32,10,200,2101.71,21,454.4
547-20-6065,Indonesia,2,69,66,4,71,8999.46,30,690.3
529-98-7186,Portugal,1,77,58,6,125,8854.56,94,1195.6
779-25-4836,Moldova,0,83,62,6,177,5115.48,92,978.1
256-07-6432,France,7,55,34,8,166,6297.08,10,1129.4
158-26-8724,Portugal,6,64,77,1,199,11116.78,21,2389.7
787-51-1316,Russia,1,54,63,1,2,9959.4,34,21.7
642-25-7754,Russia,5,71,65,3,191,7554.54,9,1558.7
755-60-9788,Indonesia,6,55,77,0,0,8225.8,31,0.4
631-06-6493,Slovenia,5,83,37,10,117,780.94,71,99.1
828-17-0672,Netherlands,1,82,39,2,5,1870.84,90,10.4
202-27-1756,Israel,4,71,45,9,10,1270.77,62,14.1
723-13-6437,Greece,3,56,80,3,22,2096.15,53,50.1
217-33-4098,Venezuela,1,65,63,3,109,5012.78,36,590.3
630-68-6446,Canada,4,61,39,0,103,6628.92,78,737.8
481-90-0850,Iran,1,81,83,1,102,5311.08,97,585.4
858-33-7960,Russia,4,70,62,1,144,4161.46,12,647.5
192-50-3199,Canada,1,76,81,2,134,9514.98,25,1377.2
324-90-4078,Indonesia,7,81,52,1,20,6267.33,96,135.9
494-47-8475,China,2,56,43,3,74,1396.68,15,111.8
251-65-4992,China,5,82,67,3,60,9293.89,86,602.7
787-86-7382,Ukraine,5,75,56,1,17,6870.89,92,126.6
580-46-3530,China,0,84,47,5,135,4645.54,9,677.5
751-70-3991,China,4,71,70,7,190,10542.64,72,2163.7
717-88-3084,Indonesia,7,82,83,7,76,750.55,83,62.2
211-99-2561,Philippines,5,80,56,6,194,9940.37,55,2083.1
895-09-7414,Azerbaijan,6,78,66,10,138,9913.93,86,1478.1
325-53-1251,Japan,7,82,44,6,2,7239.76,81,16.2
373-52-5906,Kosovo,1,64,38,1,14,392.65,50,6.1
383-17-9722,Poland,3,67,45,4,21,1182.8,68,27.1
110-28-0674,Indonesia,0,71,34,1,107,2120.1,43,245.2
193-56-3595,China,5,74,46,7,142,5570,37,854.6
506-70-6802,China,7,69,58,7,94,1472.46,2,150
190-27-5331,Indonesia,5,55,61,7,172,4229.96,36,786.1
151-96-7538,China,7,85,69,3,195,375.6,52,79.6
467-38-1171,China,3,76,43,8,137,7461.55,29,1104.3
203-33-9753,Honduras,7,70,82,0,98,10838.39,60,1147.7
185-39-8015,France,2,67,52,8,184,9091.87,60,1807
313-08-9678,Thailand,4,71,75,0,0,1952.92,2,0.3
602-11-7100,France,7,68,37,7,21,9847.42,70,223.8
453-82-0553,Argentina,3,78,72,8,99,3765.72,17,403
843-08-7046,Portugal,6,73,38,8,75,307.61,67,25.4
150-21-3930,China,5,84,38,8,85,5662.49,58,520.2
781-91-5379,Brazil,7,60,34,7,170,9291.79,91,1706.5
606-17-5760,Argentina,7,58,36,0,62,2886.48,3,193.7
135-71-4371,China,7,59,41,5,142,5635.83,54,864.8
888-51-6281,Armenia,2,53,52,6,58,9540.17,35,597.8
273-12-4359,China,5,84,31,8,102,2742.62,47,302.5
202-56-1568,Malaysia,0,63,43,5,91,2326.7,24,228.8
548-40-3319,Portugal,6,62,47,1,150,3393.69,40,550.2
424-85-6288,Slovenia,5,76,48,10,21,3002.28,26,68.5
823-16-8935,Czech Republic,3,76,35,2,48,9297.34,93,482.3
391-65-1832,Argentina,1,61,73,8,67,3637.89,31,263.5
743-45-9060,United States,0,65,80,2,59,3242.27,47,206.8
530-29-7473,Brazil,0,67,33,6,150,3796.44,1,615.2
592-83-5922,Indonesia,4,74,66,3,61,1063.01,26,70.4
513-31-9742,Honduras,7,75,39,6,62,9011.6,80,603.9
844-71-4538,Philippines,0,79,83,10,113,6499.94,36,793.5
268-50-0737,China,3,85,34,2,110,4064.48,19,483.2
601-64-0800,Indonesia,7,65,71,8,114,11160.93,94,1374.7
472-04-3327,Slovenia,0,55,40,10,20,9314.59,6,201.3
404-49-8509,Russia,3,59,55,5,89,6891.66,36,662.7
129-13-2000,China,7,55,44,1,56,5167.13,60,313
431-81-7853,Indonesia,2,80,84,8,187,2933.34,95,592.8
492-44-7332,Indonesia,7,81,77,3,31,7195.59,35,241.4
873-58-9689,Indonesia,7,56,64,4,101,2763.17,61,301.9
152-89-1103,Sweden,2,84,32,4,100,10652.29,84,1150.7
615-80-7068,China,6,80,53,6,25,8501.15,47,230
899-82-0144,Russia,1,54,62,5,183,7407.18,42,1464.2
470-53-0897,France,5,76,69,8,0,1685.01,11,0.4
595-17-2729,Tuvalu,4,85,76,10,159,10094.64,32,1733.8
811-30-9692,China,7,82,45,1,196,3053.72,74,646.9
554-61-1993,Macedonia,3,63,77,8,37,7377.99,48,295.1
209-82-9382,China,3,79,33,9,84,3347.99,95,304.1
665-63-5935,Cyprus,5,64,47,2,51,2517.21,50,139
837-47-2160,Uzbekistan,0,77,30,6,18,7825.78,5,152.3
641-24-3292,Mongolia,7,84,72,5,28,9677.42,1,293.1
183-63-5022,China,5,79,34,4,18,6329.06,97,123.5
761-56-6331,Greece,2,73,64,5,183,10805.46,6,2135.8
645-08-6914,United States,6,59,67,2,4,10228.92,46,44.6
545-07-0885,Cape Verde,3,76,72,9,21,8621.26,65,195.9
124-97-7216,Kenya,3,70,33,2,44,925.49,65,44.3
389-63-9822,Ecuador,6,62,43,0,73,6605.63,22,521.2
332-16-2019,Bosnia and Herzegovina,4,58,53,9,48,1396.66,11,72.7
106-82-9003,Philippines,6,81,82,2,80,6342.28,91,548.5
836-29-0100,Iran,1,85,41,10,152,5093.16,38,836.3
443-29-8463,Philippines,5,84,59,8,93,8904.76,98,894.9
442-63-2299,Serbia,2,70,37,9,38,8844.25,86,363.3
324-75-8283,Indonesia,4,82,37,1,53,7859.98,85,450.3
881-85-3665,China,0,80,63,9,136,9226.53,36,1355.4
244-14-8288,Poland,0,62,38,1,163,11377.88,85,2003.1
299-75-4444,China,3,60,43,6,161,5393.3,99,938.1
253-91-2039,Paraguay,6,54,31,3,180,9600.48,39,1866.7
321-13-3127,Japan,6,69,53,0,194,9313.23,88,1951.8
217-32-6079,Japan,4,83,69,6,172,11278.97,34,2095.6
830-44-4101,Vietnam,4,85,80,4,183,1649.82,71,326.5
543-29-5998,China,0,80,33,10,103,3794.14,39,422.2
524-28-4003,Thailand,4,74,30,1,115,4340.53,93,539.5
182-87-0920,Indonesia,7,79,54,0,173,8879.51,3,1659.5
834-68-3191,Honduras,1,76,74,10,71,697.41,68,53.7
711-68-8981,China,1,77,79,3,43,9603.35,51,446.2
502-49-3276,Russia,4,58,80,8,30,10391.54,23,337
270-76-4825,China,6,56,69,7,99,7060.63,20,755.3
113-96-4627,Indonesia,4,70,68,10,86,815.04,52,76.1
614-07-9913,China,7,81,80,2,45,4671.57,13,227.5
273-89-0030,Azerbaijan,0,59,80,4,133,6126.2,57,880.2
258-03-4759,Oman,3,61,51,10,184,7517.25,60,1494.1
555-74-5914,Indonesia,2,80,83,9,115,9583.83,56,1190.6
769-09-6746,Peru,3,80,47,1,194,7586.07,46,1589.8
873-64-6629,Reunion,4,79,45,9,91,5329.11,63,524.1
576-60-0141,France,3,58,33,0,167,6731.31,96,1214.4
849-55-1000,Syria,0,53,62,4,104,7927.37,85,890.6
529-60-9983,Japan,4,79,68,3,82,6149.28,18,544.9
714-44-0636,Indonesia,3,63,85,5,167,11026.23,62,1989
195-87-7803,Indonesia,5,54,40,2,187,2756.94,74,557.2
827-70-4178,China,4,77,80,6,48,10227.82,88,530.6
277-82-0955,Finland,5,53,36,7,50,8318.46,32,449.6
504-10-3149,China,5,58,33,3,110,10553.76,73,1254.2
258-11-3668,Chile,2,61,32,10,89,6310.77,100,606.9
605-26-9572,China,7,69,62,9,19,9025.85,7,185.7
540-46-8694,South Korea,0,54,70,4,112,783.68,60,95
520-42-1963,China,0,73,62,7,48,7755.39,64,402.2
750-12-2770,Indonesia,3,53,59,9,176,8340.07,79,1585.6
623-84-4932,Guinea,5,77,43,9,97,7130.2,8,747.3
830-36-0615,China,7,83,85,6,94,229.98,60,23.9
889-31-2206,Indonesia,6,57,72,2,183,2205.16,16,436.3
545-07-6926,Ecuador,3,81,34,5,9,2964.6,18,29.1
177-03-6051,Colombia,2,62,61,3,200,9836.27,12,2124.9
123-07-3061,Indonesia,6,57,62,7,11,4584.06,52,54.9
199-32-9596,Indonesia,3,55,50,0,78,2937.26,54,247.7
537-81-3844,Iran,5,77,74,8,9,6603.76,21,64.6
701-09-8034,Sweden,5,53,59,1,94,7298.91,51,741.4
805-86-4981,China,6,68,52,1,125,2242.63,48,303.2
164-62-0864,Russia,7,70,34,8,123,1605.03,80,213.7
555-49-0367,Philippines,0,53,81,2,31,1631.61,20,54.8
447-77-7417,Indonesia,2,61,68,10,104,2889.46,64,324.8
865-73-1884,Micronesia,7,57,74,1,143,7360.31,93,1137.2
873-69-7312,Indonesia,2,65,68,3,33,9198.93,41,328.1
851-06-8816,Peru,3,63,72,8,125,8254.22,97,1114.7
496-88-1873,Ireland,2,64,77,5,126,632.11,33,86.3
533-14-0286,China,2,66,60,6,101,3300.25,86,360.3
867-93-4453,Dominican Republic,0,73,35,6,135,2414.08,48,352.1
594-93-7129,Thailand,6,71,78,0,15,7834.46,27,127.4
132-89-5737,Russia,6,69,45,10,158,981.99,18,168
764-65-2236,Indonesia,5,84,72,2,132,4277.87,14,610.3
452-51-7540,Ukraine,6,83,46,0,54,11224.46,57,655.1
103-87-6019,Pakistan,6,60,43,7,93,922.76,90,93.1
521-75-8902,Nigeria,3,81,46,2,4,5229.06,64,22.9
538-62-1223,China,7,69,78,1,200,5534.15,87,1195.9
578-99-0034,Colombia,0,78,32,4,32,10314.66,70,356.7
824-03-2298,Thailand,7,65,55,7,89,10834.2,74,1041.9
118-87-2614,Ecuador,7,63,52,0,165,1416.56,1,252.9
622-60-8770,Indonesia,6,81,56,0,38,8138.59,92,334.5
578-76-7162,China,0,69,44,4,5,7507.06,7,40.7
270-28-7512,Malta,6,54,80,3,106,3260.04,14,373.6
785-31-9335,Dominican Republic,1,76,61,7,172,4882.17,28,907.1
476-55-7289,Albania,7,54,77,1,45,9880.16,40,480.7
877-61-8759,Montenegro,3,66,43,8,159,9921.05,36,1703.9
504-93-7588,Indonesia,0,57,65,10,48,10117.55,84,524.7
437-69-7457,Philippines,2,68,70,6,75,9471.21,27,767.4
438-51-1619,China,1,72,80,3,169,9286.42,65,1695.2
370-82-6833,Laos,2,72,83,5,9,5175.81,67,50.6
151-57-6392,China,1,78,61,2,38,3307.91,82,136
770-79-7988,Colombia,4,62,42,3,131,7847.65,78,1110.6
693-64-7636,China,2,82,32,10,139,3874.62,50,581.9
312-04-3741,Mongolia,6,57,85,8,166,9380.5,60,1682.2
527-71-0137,Philippines,0,80,54,8,36,9888.58,72,384.7
347-85-4527,Russia,4,75,82,3,36,8995.99,89,350.2
515-36-4152,Russia,0,65,73,0,87,10514.62,19,988.1
447-73-5967,China,7,74,78,9,65,5045.26,28,354.7
226-59-8851,Czech Republic,7,74,43,3,155,5011,16,839.3
739-17-4672,Paraguay,0,60,64,3,43,6258.6,24,290.8
712-86-5644,Wallis and Futuna,1,73,85,5,35,7184.78,19,271.8
205-86-9457,Brazil,0,55,80,10,200,4183.69,94,903.9
116-06-0398,Poland,7,80,73,5,168,8095.59,76,1469.4
662-22-6978,China,3,55,62,9,44,2744.25,30,130.7
360-16-7951,China,4,69,84,8,45,4899.42,52,238.5
701-07-5591,Croatia,6,78,85,4,146,3888.05,34,613.5
577-26-9575,Egypt,0,59,49,8,14,2598.09,93,39.5
221-09-4531,Colombia,2,69,81,6,74,7744.29,100,619.2
556-38-8051,Argentina,6,60,55,9,140,6606.79,51,999.4
448-12-2809,China,4,85,79,6,23,6765.25,85,168.5
620-01-0297,Serbia,5,61,58,3,47,2272.63,39,115.7
670-91-4349,China,1,53,81,2,152,5692.12,56,934.6
797-77-3099,Russia,0,59,35,1,3,8382.78,87,27.3
782-45-9981,Jordan,4,71,36,6,40,6272.89,54,271.3
723-38-6457,Argentina,2,60,69,9,29,7284.73,17,228.4
539-84-4291,Portugal,3,68,53,9,81,6004.25,3,525.5
667-85-6949,Japan,2,80,49,9,94,6405.93,5,650.6
773-07-7036,Portugal,4,58,59,4,192,2008.71,95,416.9
745-40-3540,United States,3,72,80,9,196,9398.42,13,1989.8
759-41-8167,Brazil,6,56,62,6,195,7150.55,29,1506.3
291-98-8724,Morocco,3,53,68,7,4,7448.39,47,32.5
183-17-9122,Poland,0,67,78,2,81,1403.48,78,123
237-89-8091,Indonesia,6,69,31,6,45,7111.7,47,346.1
711-52-6344,Madagascar,0,80,85,0,76,523.86,26,43.2
589-73-0183,Philippines,3,53,57,1,187,3965.09,100,801.1
438-49-1509,China,5,75,71,0,144,4322.38,17,672.6
306-37-9255,Mexico,0,77,41,1,18,1531.81,64,30
494-70-8243,China,3,60,60,10,171,11337.17,90,2094.1
197-72-7370,Russia,0,84,70,2,172,9283.04,80,1724.6
882-90-0870,China,4,56,67,9,172,1225.94,34,228.1
472-93-9619,Uruguay,2,54,57,5,20,10689.76,95,231.2
677-57-0543,China,5,69,82,0,195,3742.19,97,788.6
738-09-9095,Indonesia,7,68,74,4,75,1055.4,66,86
420-59-1333,Philippines,4,53,33,6,141,6795.97,88,1035.2
296-14-4615,Indonesia,0,80,54,8,65,10325.61,35,725
677-51-6289,Czech Republic,1,75,40,6,185,5550.07,69,1109.1
626-83-7786,China,7,74,71,9,162,9888.26,86,1730.6
799-70-1586,Russia,2,71,77,6,2,1516.67,68,3.6
463-22-7198,Thailand,0,54,83,6,143,5529.02,92,854.1
338-83-0333,Iceland,1,65,77,2,78,6971,29,587.5
292-32-2113,China,7,83,44,2,26,10987.35,32,309
874-89-7666,Russia,3,78,44,7,98,4927.21,90,521.8
425-98-1688,China,4,58,41,9,128,1490.47,85,206.4
596-10-0187,United States,2,53,74,7,85,1421.7,93,130.8
615-72-8723,Indonesia,4,67,74,10,189,9558.1,36,1951.4
333-66-0570,Russia,1,77,54,6,103,2688.64,59,299.3
267-36-1194,Czech Republic,5,61,66,3,145,2003.89,9,314.2
487-26-4286,Portugal,6,71,30,6,170,5714.91,5,1049.7
632-43-0728,Russia,1,73,59,0,133,3026.83,87,435
715-63-8780,Czech Republic,7,60,49,10,188,4463.79,97,906.8
412-87-5302,Kazakhstan,4,70,37,7,124,3023.13,7,405.2
618-06-0191,Philippines,3,66,71,3,151,9946.37,98,1622.4
712-54-4168,Thailand,0,66,65,4,42,3480.98,85,158.1
483-82-7755,United States,1,58,85,4,14,9329.27,25,141.3
484-88-9224,Brazil,4,67,77,4,165,1583.63,81,282.6
621-34-5264,Ukraine,4,77,35,2,110,1496.16,71,178.1
158-80-9540,Palau,1,67,52,0,169,2743.73,47,501
749-95-3173,Lesotho,6,59,84,10,81,10392.59,2,909.6
410-61-8578,China,2,63,49,7,53,3917.2,86,224.5
784-40-0431,Netherlands,7,85,82,5,52,3833.1,12,215.8
140-76-0311,Mexico,2,74,83,0,192,8656.92,15,1795.4
667-26-8163,Brazil,6,79,61,2,156,2943.89,49,496.5
615-78-4484,Sweden,3,75,74,3,184,8608.72,37,1711.1
430-27-2899,Sweden,4,76,47,1,39,1255.39,41,53.2
755-19-5143,Czech Republic,2,55,75,9,137,10709.88,83,1584.9
356-77-4221,Indonesia,5,71,54,6,188,10679.68,78,2168.8
112-21-3307,Brazil,6,61,41,8,106,4589.57,92,525.9
715-54-1544,Albania,0,61,51,10,162,9577.2,76,1675.8
275-59-1270,Guatemala,7,59,37,0,118,2915.94,87,372.1
490-21-2853,Thailand,7,73,70,10,146,462.03,10,73.3
733-67-8569,China,0,81,82,9,128,3941.49,41,545.1
630-40-7221,Sweden,6,71,53,2,156,7998.34,38,1348
617-43-7561,Uzbekistan,1,77,55,2,181,3371.73,87,659.4
264-67-3688,Canada,6,75,58,9,20,5662.14,74,122.8
410-03-9733,United States,7,82,60,7,41,9624.23,24,426.7
157-57-7399,Tanzania,6,69,53,10,162,5134.35,24,898.7
590-76-4265,Indonesia,6,75,84,5,127,3182.27,67,437
566-86-3629,Russia,3,56,58,1,128,10436.87,35,1443.1
229-13-1288,China,6,77,33,4,124,10854.55,81,1454.1
350-80-4743,Indonesia,6,71,50,6,98,4664.51,79,494.2
159-49-0972,Russia,4,55,38,9,33,7851.63,43,280.2
171-06-0244,Sweden,2,53,66,0,106,10673.19,52,1222.1
127-83-8346,Peru,1,63,34,9,42,9301.2,49,422.1
168-49-0814,China,4,85,84,7,118,3536.1,66,451.1
381-68-8275,Brazil,7,80,68,9,156,4478.7,92,755.1
757-76-1777,Ukraine,2,79,32,0,180,2444.8,71,475.6
586-11-7292,Netherlands,2,64,70,9,193,9228,69,1923.8
777-95-8591,Ukraine,6,69,57,3,90,6406.87,23,623.2
415-28-9279,China,0,68,52,7,73,905.2,3,71.5
573-56-8778,Swaziland,0,54,64,4,50,1188.9,88,64.4
