EmpID,CTC ,Salary,Health Insurance,Life Insurance,Pension Plan,Vaccation,Child Care,Performance Bonus,EquityShare,Finance Metrics
619-51-3328,127548.84,89284.188,6377.44,5101.95,14030.37,2,5101.95,2550.98,7,105.25
262-15-1956,24026.44,16818.508,1201.32,961.06,2642.91,17,961.06,480.53,1,19.83
388-46-9630,55295.78,38707.046,2764.79,2211.83,6082.54,16,2211.83,1105.92,5,45.63
479-74-8924,27647.29,19353.103,1382.36,1105.89,3041.2,13,1105.89,552.95,6,22.81
527-37-4349,35411.72,24788.204,1770.59,1416.47,3895.29,5,1416.47,708.23,1,29.23
700-51-9763,196358.27,137450.789,9817.91,7854.33,21599.41,5,7854.33,3927.17,10,162.01
722-12-5639,88648.31,62053.817,4432.42,3545.93,9751.31,3,3545.93,1772.97,4,73.15
385-59-3162,82272.37,57590.659,4113.62,3290.89,9049.96,3,3290.89,1645.45,9,67.90
394-32-2540,117203.22,82042.254,5860.16,4688.13,12892.35,11,4688.13,2344.06,6,96.70
180-31-5192,116084.21,81258.947,5804.21,4643.37,12769.26,2,4643.37,2321.68,2,95.79
833-29-6691,72011.15,50407.805,3600.56,2880.45,7921.23,16,2880.45,1440.22,9,59.42
771-35-6044,117817.5,82472.25,5890.88,4712.7,12959.93,13,4712.7,2356.35,3,97.20
484-62-6777,199179.01,139425.307,9958.95,7967.16,21909.69,1,7967.16,3983.58,3,164.35
391-66-8668,170174.79,119122.353,8508.74,6806.99,18719.23,1,6806.99,3403.5,4,140.42
245-83-6821,176412.58,123488.806,8820.63,7056.5,19405.38,13,7056.5,3528.25,0,145.54
832-96-3986,74581.05,52206.735,3729.05,2983.24,8203.92,1,2983.24,1491.62,2,61.55
114-30-8786,173207.54,121245.278,8660.38,6928.3,19052.83,17,6928.3,3464.15,5,142.91
341-05-7098,137567.23,96297.061,6878.36,5502.69,15132.4,14,5502.69,2751.34,9,113.50
872-44-3328,198842.56,139189.792,9942.13,7953.7,21872.68,14,7953.7,3976.85,8,164.05
763-02-9977,160921.44,112645.008,8046.07,6436.86,17701.36,4,6436.86,3218.43,6,132.78
751-95-8286,142292.07,99604.449,7114.6,5691.68,15652.13,9,5691.68,2845.84,0,117.40
167-09-6640,113521.32,79464.924,5676.07,4540.85,12487.35,8,4540.85,2270.43,0,93.66
728-69-7851,128564.37,89995.059,6428.22,5142.57,14142.08,10,5142.57,2571.29,6,106.07
860-67-9453,77777.47,54444.229,3888.87,3111.1,8555.52,18,3111.1,1555.55,8,64.18
287-66-3637,115461.48,80823.036,5773.07,4618.46,12700.76,3,4618.46,2309.23,0,95.27
793-17-2650,101944.22,71360.954,5097.21,4077.77,11213.86,1,4077.77,2038.88,6,84.13
783-02-1619,40693.97,28485.779,2034.7,1627.76,4476.34,2,1627.76,813.88,1,33.59
837-89-6622,60770.02,42539.014,3038.5,2430.8,6684.7,6,2430.8,1215.4,3,50.15
453-24-4906,189208.02,132445.614,9460.4,7568.32,20812.88,15,7568.32,3784.16,5,156.10
234-48-2595,72121.08,50484.756,3606.05,2884.84,7933.32,19,2884.84,1442.42,10,59.52
362-04-1954,34371.19,24059.833,1718.56,1374.85,3780.83,18,1374.85,687.42,10,28.37
652-09-8808,60731.98,42512.386,3036.6,2429.28,6680.52,19,2429.28,1214.64,3,50.12
223-66-4294,66014.63,46210.241,3300.73,2640.59,7261.61,14,2640.59,1320.29,9,54.47
805-34-5337,57886.01,40520.207,2894.3,2315.44,6367.46,12,2315.44,1157.72,2,47.76
269-65-6798,32045.5,22431.85,1602.28,1281.82,3525.01,18,1281.82,640.91,1,26.45
627-59-8025,148672.61,104070.827,7433.63,5946.9,16353.99,19,5946.9,2973.45,10,122.67
774-85-9467,193679.74,135575.818,9683.99,7747.19,21304.77,12,7747.19,3873.59,2,159.79
489-93-5871,35766.25,25036.375,1788.31,1430.65,3934.29,10,1430.65,715.33,6,29.51
131-74-7701,85221.35,59654.945,4261.07,3408.85,9374.35,2,3408.85,1704.43,7,70.33
832-43-7275,156453.89,109517.723,7822.69,6258.16,17209.93,4,6258.16,3129.08,1,129.09
110-64-9611,83420.21,58394.147,4171.01,3336.81,9176.22,1,3336.81,1668.4,6,68.85
364-07-3857,115843.63,81090.541,5792.18,4633.75,12742.8,4,4633.75,2316.87,2,95.59
379-44-6968,113839.39,79687.573,5691.97,4553.58,12522.33,18,4553.58,2276.79,3,93.93
190-74-2766,169332.8,118532.96,8466.64,6773.31,18626.61,6,6773.31,3386.66,4,139.71
851-75-4023,23953.69,16767.583,1197.68,958.15,2634.91,20,958.15,479.07,7,19.78
355-57-8632,36224.53,25357.171,1811.23,1448.98,3984.7,9,1448.98,724.49,9,29.89
692-32-4274,85476.22,59833.354,4273.81,3419.05,9402.38,19,3419.05,1709.52,7,70.53
245-61-6029,34508.96,24156.272,1725.45,1380.36,3795.99,11,1380.36,690.18,5,28.47
184-35-0434,166187.44,116331.208,8309.37,6647.5,18280.62,18,6647.5,3323.75,10,137.12
222-10-1304,171560.27,120092.189,8578.01,6862.41,18871.63,13,6862.41,3431.21,8,141.54
753-48-5430,28234.1,19763.87,1411.71,1129.36,3105.75,12,1129.36,564.68,5,23.30
671-14-3552,170019.55,119013.685,8500.98,6800.78,18702.15,12,6800.78,3400.39,3,140.27
305-30-3738,126041.65,88229.155,6302.08,5041.67,13864.58,18,5041.67,2520.83,9,104.00
553-09-1005,173752.29,121626.603,8687.61,6950.09,19112.75,6,6950.09,3475.05,3,143.36
121-78-4208,83594.37,58516.059,4179.72,3343.77,9195.38,18,3343.77,1671.89,4,68.98
594-75-3711,27398.3,19178.81,1369.92,1095.93,3013.81,6,1095.93,547.97,6,22.62
467-85-3870,159864.67,111905.269,7993.23,6394.59,17585.11,13,6394.59,3197.29,3,131.89
380-78-0274,136191.62,95334.134,6809.58,5447.66,14981.08,18,5447.66,2723.83,10,112.37
483-97-6662,141547.95,99083.565,7077.4,5661.92,15570.27,11,5661.92,2830.96,1,116.78
682-59-2742,154803.12,108362.184,7740.16,6192.12,17028.34,16,6192.12,3096.06,0,127.72
717-75-7968,105739.25,74017.475,5286.96,4229.57,11631.32,15,4229.57,2114.79,9,87.24
325-21-9619,175328.26,122729.782,8766.41,7013.13,19286.11,7,7013.13,3506.57,6,144.66
664-46-5045,184292.5,129004.75,9214.63,7371.7,20272.18,13,7371.7,3685.85,3,152.04
241-18-3696,127303.04,89112.128,6365.15,5092.12,14003.33,6,5092.12,2546.06,1,105.04
734-60-4732,88288.13,61801.691,4414.41,3531.53,9711.69,8,3531.53,1765.76,0,72.85
389-83-3341,112660.14,78862.098,5633.01,4506.41,12392.62,12,4506.41,2253.2,8,92.95
722-99-4130,41671.53,29170.071,2083.58,1666.86,4583.87,10,1666.86,833.43,10,34.39
484-29-5794,131059.22,91741.454,6552.96,5242.37,14416.51,10,5242.37,2621.18,6,108.13
644-78-6787,133552.57,93486.799,6677.63,5342.1,14690.78,2,5342.1,2671.05,2,110.20
340-65-4320,181601.59,127121.113,9080.08,7264.06,19976.17,14,7264.06,3632.03,9,149.83
421-96-9008,139002.71,97301.897,6950.14,5560.11,15290.3,2,5560.11,2780.05,1,114.70
439-01-2577,169172.17,118420.519,8458.61,6766.89,18608.94,5,6766.89,3383.44,10,139.59
356-65-9544,134541.92,94179.344,6727.1,5381.68,14799.61,20,5381.68,2690.84,2,111.01
522-17-2473,32794.35,22956.045,1639.72,1311.77,3607.38,7,1311.77,655.89,4,27.07
846-21-3275,80434.62,56304.234,4021.73,3217.38,8847.81,4,3217.38,1608.69,1,66.37
264-59-3547,56222.84,39355.988,2811.14,2248.91,6184.51,19,2248.91,1124.46,6,46.40
289-37-8623,183015.47,128110.829,9150.77,7320.62,20131.7,6,7320.62,3660.31,5,151.00
486-24-7101,45506.92,31854.844,2275.35,1820.28,5005.76,10,1820.28,910.14,9,37.55
572-76-6388,143132.23,100192.561,7156.61,5725.29,15744.55,19,5725.29,2862.64,0,118.10
698-84-7290,141199.83,98839.881,7059.99,5647.99,15531.98,6,5647.99,2824,3,116.50
125-28-6940,118655.66,83058.962,5932.78,4746.23,13052.12,12,4746.23,2373.11,6,97.89
303-05-8271,121225.64,84857.948,6061.28,4849.03,13334.82,4,4849.03,2424.51,4,100.03
478-06-4299,31352.83,21946.981,1567.64,1254.11,3448.81,10,1254.11,627.06,8,25.87
233-18-5047,104591.01,73213.707,5229.55,4183.64,11505.01,7,4183.64,2091.82,9,86.30
281-12-4721,126143.94,88300.758,6307.2,5045.76,13875.83,2,5045.76,2522.88,1,104.09
290-09-2503,178729.1,125110.37,8936.46,7149.16,19660.2,6,7149.16,3574.58,8,147.47
324-15-4305,52984.04,37088.828,2649.2,2119.36,5828.24,15,2119.36,1059.68,9,43.72
739-82-8145,178891.87,125224.309,8944.59,7155.67,19678.11,13,7155.67,3577.84,7,147.59
572-45-4226,112446.93,78712.851,5622.35,4497.88,12369.16,16,4497.88,2248.94,4,92.78
128-55-4312,155752.02,109026.414,7787.6,6230.08,17132.72,10,6230.08,3115.04,1,128.50
889-07-1040,117800.53,82460.371,5890.03,4712.02,12958.06,2,4712.02,2356.01,6,97.21
805-60-2039,78805.37,55163.759,3940.27,3152.21,8668.59,20,3152.21,1576.11,6,65.03
624-41-9651,198845.43,139191.801,9942.27,7953.82,21873,11,7953.82,3976.91,7,164.05
420-70-7277,99465.18,69625.626,4973.26,3978.61,10941.17,6,3978.61,1989.3,4,82.07
733-68-3802,68852.14,48196.498,3442.61,2754.09,7573.74,14,2754.09,1377.04,2,56.81
221-47-2870,130693.14,91485.198,6534.66,5227.73,14376.25,4,5227.73,2613.86,1,107.84
557-95-8752,23096.96,16167.872,1154.85,923.88,2540.67,17,923.88,461.94,4,19.07
679-20-3452,92700.75,64890.525,4635.04,3708.03,10197.08,4,3708.03,1854.02,9,76.50
898-60-7927,162285.44,113599.808,8114.27,6491.42,17851.4,4,6491.42,3245.71,6,133.90
582-02-0057,36152.01,25306.407,1807.6,1446.08,3976.72,19,1446.08,723.04,8,29.84
337-21-3249,52282.19,36597.533,2614.11,2091.29,5751.04,5,2091.29,1045.64,4,43.15
689-53-0416,117865.19,82505.633,5893.26,4714.61,12965.17,16,4714.61,2357.3,1,97.25
291-31-9214,165859.43,116101.601,8292.97,6634.38,18244.54,4,6634.38,3317.19,10,136.85
103-48-8949,138685.37,97079.759,6934.27,5547.41,15255.39,10,5547.41,2773.71,5,114.42
393-74-2259,40659.32,28461.524,2032.97,1626.37,4472.53,14,1626.37,813.19,5,33.55
277-86-5108,176222.79,123355.953,8811.14,7048.91,19384.51,10,7048.91,3524.46,6,145.39
808-66-7639,23633.67,16543.569,1181.68,945.35,2599.7,1,945.35,472.67,3,19.52
205-19-2596,162924.43,114047.101,8146.22,6516.98,17921.69,3,6516.98,3258.49,1,134.43
311-37-2045,171937.87,120356.509,8596.89,6877.51,18913.17,13,6877.51,3438.76,0,141.85
618-74-1973,87141.47,60999.029,4357.07,3485.66,9585.56,6,3485.66,1742.83,3,71.90
298-55-8193,177909.71,124536.797,8895.49,7116.39,19570.07,7,7116.39,3558.19,1,146.79
439-53-6005,130715.66,91500.962,6535.78,5228.63,14378.72,16,5228.63,2614.31,8,107.85
606-76-6531,94793.42,66355.394,4739.67,3791.74,10427.28,1,3791.74,1895.87,2,78.23
487-77-2868,93869.1,65708.37,4693.46,3754.76,10325.6,7,3754.76,1877.38,0,77.45
140-69-2133,127567.56,89297.292,6378.38,5102.7,14032.43,3,5102.7,2551.35,7,105.26
826-96-7247,105908.4,74135.88,5295.42,4236.34,11649.92,20,4236.34,2118.17,7,87.39
557-85-2983,198374.45,138862.115,9918.72,7934.98,21821.19,10,7934.98,3967.49,1,163.66
301-58-0029,161109.07,112776.349,8055.45,6444.36,17722,10,6444.36,3222.18,10,132.92
550-32-7846,93926.48,65748.536,4696.32,3757.06,10331.91,4,3757.06,1878.53,1,77.51
716-64-8832,193036.98,135125.886,9651.85,7721.48,21234.07,3,7721.48,3860.74,8,159.28
871-34-7288,196570.65,137599.455,9828.53,7862.83,21622.77,8,7862.83,3931.41,5,162.18
346-39-9147,178984.96,125289.472,8949.25,7159.4,19688.35,17,7159.4,3579.7,6,147.68
469-89-3373,176467.27,123527.089,8823.36,7058.69,19411.4,13,7058.69,3529.35,9,145.59
808-09-3486,192916.46,135041.522,9645.82,7716.66,21220.81,4,7716.66,3858.33,9,159.18
835-57-2153,93763.94,65634.758,4688.2,3750.56,10314.03,12,3750.56,1875.28,8,77.36
556-17-0259,180245.01,126171.507,9012.25,7209.8,19826.95,14,7209.8,3604.9,5,148.71
709-87-6101,154477.84,108134.488,7723.89,6179.11,16992.56,3,6179.11,3089.56,6,127.46
742-02-4596,124860.21,87402.147,6243.01,4994.41,13734.62,5,4994.41,2497.2,9,103.03
545-89-5710,83287.9,58301.53,4164.4,3331.52,9161.67,5,3331.52,1665.76,5,68.73
164-79-4017,151877.65,106314.355,7593.88,6075.11,16706.54,1,6075.11,3037.55,0,125.32
428-87-6767,70736.59,49515.613,3536.83,2829.46,7781.02,19,2829.46,1414.73,1,58.37
541-44-6686,67772.84,47440.988,3388.64,2710.91,7455.01,17,2710.91,1355.46,5,55.92
769-36-0601,117227.97,82059.579,5861.4,4689.12,12895.08,2,4689.12,2344.56,9,96.74
223-53-5667,118545.32,82981.724,5927.27,4741.81,13039.99,4,4741.81,2370.91,8,97.82
422-06-7284,62574.16,43801.912,3128.71,2502.97,6883.16,14,2502.97,1251.48,2,51.63
511-77-4543,150932.68,105652.876,7546.63,6037.31,16602.59,2,6037.31,3018.65,9,124.54
468-80-7819,73919.05,51743.335,3695.95,2956.76,8131.1,6,2956.76,1478.38,9,61.00
762-45-5216,146386.58,102470.606,7319.33,5855.46,16102.52,14,5855.46,2927.73,9,120.78
685-17-7402,102397.28,71678.096,5119.86,4095.89,11263.7,17,4095.89,2047.95,7,84.49
371-87-3589,183988.66,128792.062,9199.43,7359.55,20238.75,16,7359.55,3679.77,3,151.80
860-68-0820,25331.16,17731.812,1266.56,1013.25,2786.43,18,1013.25,506.62,5,20.91
497-80-7871,102831.42,71981.994,5141.57,4113.26,11311.46,13,4113.26,2056.63,2,84.84
490-08-3512,152569.24,106798.468,7628.46,6102.77,16782.62,12,6102.77,3051.38,8,125.87
708-21-2170,139484.87,97639.409,6974.24,5579.39,15343.34,8,5579.39,2789.7,2,115.08
555-32-3546,189625.93,132738.151,9481.3,7585.04,20858.85,13,7585.04,3792.52,3,156.44
339-01-1484,97576.51,68303.557,4878.83,3903.06,10733.42,12,3903.06,1951.53,1,80.50
511-53-3547,73429.65,51400.755,3671.48,2937.19,8077.26,14,2937.19,1468.59,6,60.59
597-50-1267,105687.82,73981.474,5284.39,4227.51,11625.66,1,4227.51,2113.76,8,87.22
345-96-5039,160011.74,112008.218,8000.59,6400.47,17601.29,10,6400.47,3200.23,2,132.01
530-72-0362,126741.12,88718.784,6337.06,5069.64,13941.52,17,5069.64,2534.82,10,104.58
368-25-5168,172818.28,120972.796,8640.91,6912.73,19010.01,4,6912.73,3456.37,2,142.59
403-76-2228,47621.41,33334.987,2381.07,1904.86,5238.36,10,1904.86,952.43,0,39.29
200-52-6696,26264.12,18384.884,1313.21,1050.56,2889.05,3,1050.56,525.28,0,21.69
288-15-3288,133386.8,93370.76,6669.34,5335.47,14672.55,4,5335.47,2667.74,8,110.06
774-13-5170,72175.9,50523.13,3608.8,2887.04,7939.35,3,2887.04,1443.52,3,59.56
891-93-3002,162613.32,113829.324,8130.67,6504.53,17887.47,15,6504.53,3252.27,6,134.16
781-89-2678,144764.74,101335.318,7238.24,5790.59,15924.12,3,5790.59,2895.29,5,119.45
785-53-8498,174522.89,122166.023,8726.14,6980.92,19197.52,2,6980.92,3490.46,6,144.00
248-96-0005,105255.98,73679.186,5262.8,4210.24,11578.16,20,4210.24,2105.12,10,86.86
409-09-7952,114702.67,80291.869,5735.13,4588.11,12617.29,20,4588.11,2294.05,10,94.65
729-11-0760,126078.72,88255.104,6303.94,5043.15,13868.66,3,5043.15,2521.57,3,104.03
402-14-2441,148197.2,103738.04,7409.86,5927.89,16301.69,10,5927.89,2963.94,5,122.27
547-43-3191,27629.66,19340.762,1381.48,1105.19,3039.26,17,1105.19,552.59,3,22.81
714-34-1163,49016.35,34311.445,2450.82,1960.65,5391.8,19,1960.65,980.33,1,40.45
796-40-3771,101536.42,71075.494,5076.82,4061.46,11169.01,12,4061.46,2030.73,4,83.77
445-07-0989,26502.13,18551.491,1325.11,1060.09,2915.23,16,1060.09,530.04,6,21.87
439-58-6795,109652.88,76757.016,5482.64,4386.12,12061.82,15,4386.12,2193.06,10,90.47
331-27-4655,112658.12,78860.684,5632.91,4506.32,12392.39,13,4506.32,2253.16,1,92.95
817-40-4786,61238.86,42867.202,3061.94,2449.55,6736.27,3,2449.55,1224.78,10,50.54
182-52-0176,22189.37,15532.559,1109.47,887.57,2440.83,15,887.57,443.79,3,18.31
165-06-2401,190000.59,133000.413,9500.03,7600.02,20900.06,1,7600.02,3800.01,10,156.78
801-83-1506,26851.64,18796.148,1342.58,1074.07,2953.68,14,1074.07,537.03,4,22.16
294-26-7671,198227.54,138759.278,9911.38,7929.1,21805.03,8,7929.1,3964.55,9,163.55
640-78-3602,109599.05,76719.335,5479.95,4383.96,12055.9,9,4383.96,2191.98,6,90.43
713-38-9733,174015.44,121810.808,8700.77,6960.62,19141.7,6,6960.62,3480.31,3,143.58
831-09-8162,83916.02,58741.214,4195.8,3356.64,9230.76,20,3356.64,1678.32,5,69.25
829-19-2408,64377.47,45064.229,3218.87,2575.1,7081.52,16,2575.1,1287.55,10,53.12
723-06-2076,71079.1,49755.37,3553.96,2843.16,7818.7,7,2843.16,1421.58,9,58.65
640-01-7055,30405.34,21283.738,1520.27,1216.21,3344.59,1,1216.21,608.11,8,25.11
714-35-4189,37023.7,25916.59,1851.19,1480.95,4072.61,4,1480.95,740.47,5,30.56
897-37-4431,175965.88,123176.116,8798.29,7038.64,19356.25,18,7038.64,3519.32,8,145.19
811-86-7613,175559.27,122891.489,8777.96,7022.37,19311.52,12,7022.37,3511.19,2,144.84
368-12-6826,76412.46,53488.722,3820.62,3056.5,8405.37,7,3056.5,1528.25,10,63.05
536-38-7607,67504.43,47253.101,3375.22,2700.18,7425.49,1,2700.18,1350.09,5,55.72
422-35-8487,146597.3,102618.11,7329.87,5863.89,16125.7,20,5863.89,2931.95,0,120.96
588-02-8026,189464.17,132624.919,9473.21,7578.57,20841.06,15,7578.57,3789.28,4,156.32
677-10-6833,131240.2,91868.14,6562.01,5249.61,14436.42,7,5249.61,2624.8,10,108.29
385-81-8581,154186.14,107930.298,7709.31,6167.45,16960.48,10,6167.45,3083.72,10,127.21
173-70-1880,60000.05,42000.035,3000,2400,6600.01,9,2400,1200,5,49.51
828-61-6082,69238.06,48466.642,3461.9,2769.52,7616.19,1,2769.52,1384.76,1,57.14
651-62-5522,112516.18,78761.326,5625.81,4500.65,12376.78,1,4500.65,2250.32,10,92.85
549-19-6100,31337.07,21935.949,1566.85,1253.48,3447.08,1,1253.48,626.74,6,25.88
296-07-8199,146331.72,102432.204,7316.59,5853.27,16096.49,16,5853.27,2926.63,7,120.73
640-06-5483,151991.89,106394.323,7599.59,6079.68,16719.11,4,6079.68,3039.84,3,125.41
847-11-1552,148663.26,104064.282,7433.16,5946.53,16352.96,3,5946.53,2973.27,2,122.67
556-51-1847,140397.11,98277.977,7019.86,5615.88,15443.68,8,5615.88,2807.94,6,115.84
374-15-6121,32402.75,22681.925,1620.14,1296.11,3564.3,19,1296.11,648.06,6,26.75
849-63-1875,175752.93,123027.051,8787.65,7030.12,19332.82,1,7030.12,3515.06,4,145.02
572-22-3824,36612.87,25629.009,1830.64,1464.51,4027.42,19,1464.51,732.26,10,30.22
804-42-1778,75815.86,53071.102,3790.79,3032.63,8339.74,14,3032.63,1516.32,2,62.55
803-88-5844,64271.12,44989.784,3213.56,2570.84,7069.82,20,2570.84,1285.42,6,53.04
827-96-4253,102543.19,71780.233,5127.16,4101.73,11279.75,2,4101.73,2050.86,1,84.62
492-71-3099,92828.58,64980.006,4641.43,3713.14,10211.14,16,3713.14,1856.57,6,76.59
700-05-5703,75625.26,52937.682,3781.26,3025.01,8318.78,1,3025.01,1512.51,1,62.41
760-72-6455,24076.08,16853.256,1203.8,963.04,2648.37,4,963.04,481.52,3,19.88
554-21-4563,38571.52,27000.064,1928.58,1542.86,4242.87,9,1542.86,771.43,0,31.83
186-74-5445,192595.35,134816.745,9629.77,7703.81,21185.49,5,7703.81,3851.91,5,158.91
452-70-5102,178560.52,124992.364,8928.03,7142.42,19641.66,15,7142.42,3571.21,10,147.32
488-61-6938,46664.81,32665.367,2333.24,1866.59,5133.13,1,1866.59,933.3,1,38.52
478-18-0264,166968.41,116877.887,8348.42,6678.74,18366.53,11,6678.74,3339.37,8,137.75
332-38-5774,153742.71,107619.897,7687.14,6149.71,16911.7,18,6149.71,3074.85,5,126.85
413-94-4324,39016.97,27311.879,1950.85,1560.68,4291.87,7,1560.68,780.34,6,32.20
531-95-0107,154302.47,108011.729,7715.12,6172.1,16973.27,16,6172.1,3086.05,6,127.31
722-61-6415,28810.67,20167.469,1440.53,1152.43,3169.17,2,1152.43,576.21,5,23.79
442-55-1713,111848.12,78293.684,5592.41,4473.92,12303.29,1,4473.92,2236.96,9,92.30
287-81-2079,111605.08,78123.556,5580.25,4464.2,12276.56,7,4464.2,2232.1,1,92.08
108-46-8846,79246.8,55472.76,3962.34,3169.87,8717.15,6,3169.87,1584.94,4,65.39
838-54-6923,105731.53,74012.071,5286.58,4229.26,11630.47,14,4229.26,2114.63,10,87.24
290-63-7823,57458.92,40221.244,2872.95,2298.36,6320.48,12,2298.36,1149.18,2,47.40
568-91-6935,131037.2,91726.04,6551.86,5241.49,14414.09,3,5241.49,2620.74,6,108.13
869-95-4101,52228.77,36560.139,2611.44,2089.15,5745.16,2,2089.15,1044.58,0,43.11
228-54-4036,124689.14,87282.398,6234.46,4987.57,13715.81,8,4987.57,2493.78,4,102.88
838-48-8787,148685.63,104079.941,7434.28,5947.43,16355.42,3,5947.43,2973.71,8,122.69
849-04-6188,175089.03,122562.321,8754.45,7003.56,19259.79,18,7003.56,3501.78,10,144.46
787-64-3880,47579.34,33305.538,2378.97,1903.17,5233.73,13,1903.17,951.59,7,39.26
378-29-9637,36572.66,25600.862,1828.63,1462.91,4022.99,10,1462.91,731.45,10,30.18
178-42-7033,170643.86,119450.702,8532.19,6825.75,18770.82,7,6825.75,3412.88,0,140.79
683-91-5529,36464.69,25525.283,1823.23,1458.59,4011.12,8,1458.59,729.29,3,30.09
405-02-7662,188866.95,132206.865,9443.35,7554.68,20775.36,17,7554.68,3777.34,3,155.83
158-39-1642,45455.22,31818.654,2272.76,1818.21,5000.07,3,1818.21,909.1,1,37.52
258-28-7706,183014.97,128110.479,9150.75,7320.6,20131.65,8,7320.6,3660.3,2,151.00
133-97-9833,110084.95,77059.465,5504.25,4403.4,12109.34,1,4403.4,2201.7,3,90.84
697-42-6968,62019.28,43413.496,3100.96,2480.77,6822.12,5,2480.77,1240.39,7,51.18
312-45-8127,163815.03,114670.521,8190.75,6552.6,18019.65,4,6552.6,3276.3,2,135.16
435-71-6950,106750.11,74725.077,5337.51,4270,11742.51,1,4270,2135,6,88.09
679-13-2509,55155.47,38608.829,2757.77,2206.22,6067.1,8,2206.22,1103.11,0,45.51
411-97-7244,142282.83,99597.981,7114.14,5691.31,15651.11,7,5691.31,2845.66,2,117.39
355-99-8906,40779.79,28545.853,2038.99,1631.19,4485.78,6,1631.19,815.6,5,33.66
766-22-7209,34167.92,23917.544,1708.4,1366.72,3758.47,20,1366.72,683.36,2,28.21
676-59-9049,123295.84,86307.088,6164.79,4931.83,13562.54,6,4931.83,2465.92,4,101.73
765-75-9626,177311.24,124117.868,8865.56,7092.45,19504.24,11,7092.45,3546.22,3,146.28
785-27-6274,174523.98,122166.786,8726.2,6980.96,19197.64,11,6980.96,3490.48,3,143.99
245-95-8077,131823.13,92276.191,6591.16,5272.93,14500.54,6,5272.93,2636.46,7,108.77
285-63-4089,76281.58,53397.106,3814.08,3051.26,8390.97,9,3051.26,1525.63,0,62.94
497-36-1874,113254.66,79278.262,5662.73,4530.19,12458.01,5,4530.19,2265.09,1,93.45
593-17-3972,114226.92,79958.844,5711.35,4569.08,12564.96,12,4569.08,2284.54,0,94.24
680-80-1518,51011.85,35708.295,2550.59,2040.47,5611.3,11,2040.47,1020.24,7,42.09
341-99-3721,101376.89,70963.823,5068.84,4055.08,11151.46,18,4055.08,2027.54,8,83.65
285-87-2585,93512.97,65459.079,4675.65,3740.52,10286.43,12,3740.52,1870.26,7,77.15
481-41-9166,117709.29,82396.503,5885.46,4708.37,12948.02,18,4708.37,2354.19,8,97.13
235-35-1099,116232.19,81362.533,5811.61,4649.29,12785.54,1,4649.29,2324.64,8,95.92
653-97-8726,131886.45,92320.515,6594.32,5275.46,14507.51,11,5275.46,2637.73,7,108.81
145-73-2875,58206.58,40744.606,2910.33,2328.26,6402.72,8,2328.26,1164.13,9,48.03
228-62-2736,160200.04,112140.028,8010,6408,17622,13,6408,3204,1,132.17
639-45-9848,168046.33,117632.431,8402.32,6721.85,18485.1,18,6721.85,3360.93,10,138.65
263-80-5640,102945.1,72061.57,5147.26,4117.8,11323.96,10,4117.8,2058.9,6,84.94
281-19-5976,64796.09,45357.263,3239.8,2591.84,7127.57,4,2591.84,1295.92,6,53.48
829-01-1172,58615.78,41031.046,2930.79,2344.63,6447.74,2,2344.63,1172.32,8,48.38
840-03-0799,116326.44,81428.508,5816.32,4653.06,12795.91,11,4653.06,2326.53,6,95.97
779-26-9639,170736.7,119515.69,8536.84,6829.47,18781.04,2,6829.47,3414.73,8,140.88
845-13-7328,179692.73,125784.911,8984.64,7187.71,19766.2,9,7187.71,3593.85,6,148.25
671-80-0488,24719.21,17303.447,1235.96,988.77,2719.11,14,988.77,494.38,3,20.40
808-66-2667,194519.47,136163.629,9725.97,7780.78,21397.14,5,7780.78,3890.39,1,160.49
780-06-4589,154198.97,107939.279,7709.95,6167.96,16961.89,3,6167.96,3083.98,6,127.23
819-14-7158,98273.78,68791.646,4913.69,3930.95,10810.12,18,3930.95,1965.48,3,81.09
478-24-6066,171440.04,120008.028,8572,6857.6,18858.4,2,6857.6,3428.8,0,141.46
463-86-3179,98143.8,68700.66,4907.19,3925.75,10795.82,13,3925.75,1962.88,0,80.97
802-77-2295,191533.75,134073.625,9576.69,7661.35,21068.71,14,7661.35,3830.68,5,158.02
818-79-5410,39252.82,27476.974,1962.64,1570.11,4317.81,10,1570.11,785.06,0,32.39
231-90-5615,146771.8,102740.26,7338.59,5870.87,16144.9,16,5870.87,2935.44,10,121.10
315-14-8162,78932.21,55252.547,3946.61,3157.29,8682.54,14,3157.29,1578.64,8,65.13
175-53-7917,182013.93,127409.751,9100.7,7280.56,20021.53,15,7280.56,3640.28,0,150.17
392-21-2774,190288.57,133201.999,9514.43,7611.54,20931.74,3,7611.54,3805.77,3,157.01
467-06-1908,136715.34,95700.738,6835.77,5468.61,15038.69,20,5468.61,2734.31,1,112.81
486-86-7925,157539.61,110277.727,7876.98,6301.58,17329.36,6,6301.58,3150.79,7,129.98
254-68-5664,92660.65,64862.455,4633.03,3706.43,10192.67,6,3706.43,1853.21,2,76.46
816-42-1709,35399.58,24779.706,1769.98,1415.98,3893.95,19,1415.98,707.99,1,29.22
378-13-9411,199682.87,139778.009,9984.14,7987.31,21965.12,14,7987.31,3993.66,0,164.74
623-83-3437,33120.15,23184.105,1656.01,1324.81,3643.22,9,1324.81,662.4,9,27.33
525-61-6711,139292.56,97504.792,6964.63,5571.7,15322.18,6,5571.7,2785.85,5,114.93
719-59-6011,158114.05,110679.835,7905.7,6324.56,17392.55,4,6324.56,3162.28,7,130.46
225-46-7514,55420.68,38794.476,2771.03,2216.83,6096.27,5,2216.83,1108.41,3,45.74
334-91-5051,123735.03,86614.521,6186.75,4949.4,13610.85,9,4949.4,2474.7,4,102.09
554-54-2631,50614.05,35429.835,2530.7,2024.56,5567.55,15,2024.56,1012.28,9,41.77
185-76-8859,50070.63,35049.441,2503.53,2002.83,5507.77,16,2002.83,1001.41,9,41.32
798-84-4263,87438.34,61206.838,4371.92,3497.53,9618.22,5,3497.53,1748.77,2,72.15
811-88-1502,99288.25,69501.775,4964.41,3971.53,10921.71,6,3971.53,1985.77,2,81.93
487-54-7862,127655.92,89359.144,6382.8,5106.24,14042.15,16,5106.24,2553.12,8,105.33
196-47-2733,21026.73,14718.711,1051.34,841.07,2312.94,9,841.07,420.53,3,17.35
701-05-0656,35393.21,24775.247,1769.66,1415.73,3893.25,11,1415.73,707.86,4,29.20
483-12-6794,114228.62,79960.034,5711.43,4569.14,12565.15,3,4569.14,2284.57,6,94.26
601-39-2729,177608.12,124325.684,8880.41,7104.32,19536.89,8,7104.32,3552.16,7,146.54
355-24-7889,194235.45,135964.815,9711.77,7769.42,21365.9,5,7769.42,3884.71,4,160.26
591-64-9037,116079.52,81255.664,5803.98,4643.18,12768.75,9,4643.18,2321.59,2,95.77
157-57-4547,70557.42,49390.194,3527.87,2822.3,7761.32,8,2822.3,1411.15,2,58.22
187-40-9022,73150.81,51205.567,3657.54,2926.03,8046.59,1,2926.03,1463.02,5,60.37
490-62-6783,108821.2,76174.84,5441.06,4352.85,11970.33,1,4352.85,2176.42,5,89.80
795-84-7456,147991.17,103593.819,7399.56,5919.65,16279.03,11,5919.65,2959.82,2,122.10
429-39-5397,145590.4,101913.28,7279.52,5823.62,16014.94,18,5823.62,2911.81,1,120.12
850-13-9937,154291.9,108004.33,7714.6,6171.68,16972.11,2,6171.68,3085.84,8,127.31
781-97-0966,134723.11,94306.177,6736.16,5388.92,14819.54,1,5388.92,2694.46,7,111.17
382-54-8269,52298.67,36609.069,2614.93,2091.95,5752.85,20,2091.95,1045.97,8,43.17
104-30-3499,68348.37,47843.859,3417.42,2733.93,7518.32,10,2733.93,1366.97,1,56.39
870-82-3617,37895.11,26526.577,1894.76,1515.8,4168.46,14,1515.8,757.9,5,31.27
172-28-9479,49620.72,34734.504,2481.04,1984.83,5458.28,20,1984.83,992.41,4,40.95
198-12-1713,178420.17,124894.119,8921.01,7136.81,19626.22,8,7136.81,3568.4,0,147.20
487-87-0182,89162.3,62413.61,4458.12,3566.49,9807.85,2,3566.49,1783.25,7,73.58
593-72-3054,167551.36,117285.952,8377.57,6702.05,18430.65,2,6702.05,3351.03,0,138.25
328-37-1325,167646.82,117352.774,8382.34,6705.87,18441.15,12,6705.87,3352.94,0,138.31
607-49-8298,157772.87,110441.009,7888.64,6310.91,17355.02,4,6310.91,3155.46,2,130.18
700-93-5976,38655.21,27058.647,1932.76,1546.21,4252.07,13,1546.21,773.1,1,31.89
858-50-4610,172959.86,121071.902,8647.99,6918.39,19025.58,5,6918.39,3459.2,9,142.71
668-40-7221,115440.18,80808.126,5772.01,4617.61,12698.42,13,4617.61,2308.8,6,95.24
380-96-3808,192496.45,134747.515,9624.82,7699.86,21174.61,13,7699.86,3849.93,6,158.81
814-22-9560,132848.03,92993.621,6642.4,5313.92,14613.28,14,5313.92,2656.96,8,109.61
863-08-7416,89784.83,62849.381,4489.24,3591.39,9876.33,1,3591.39,1795.7,7,74.10
238-24-1506,89294.6,62506.22,4464.73,3571.78,9822.41,14,3571.78,1785.89,3,73.67
575-56-4899,24284.2,16998.94,1214.21,971.37,2671.26,5,971.37,485.68,2,20.05
616-53-3070,160755.83,112529.081,8037.79,6430.23,17683.14,2,6430.23,3215.12,8,132.65
778-44-6988,169942.76,118959.932,8497.14,6797.71,18693.7,16,6797.71,3398.86,1,140.21
119-94-0743,109040.46,76328.322,5452.02,4361.62,11994.45,3,4361.62,2180.81,5,89.98
799-15-9749,140815.17,98570.619,7040.76,5632.61,15489.67,13,5632.61,2816.3,7,116.18
212-61-2032,189276.87,132493.809,9463.84,7571.07,20820.46,12,7571.07,3785.54,6,156.16
612-76-1526,21594.08,15115.856,1079.7,863.76,2375.35,18,863.76,431.88,10,17.83
775-32-5907,188585.34,132009.738,9429.27,7543.41,20744.39,13,7543.41,3771.71,6,155.59
279-72-5350,80662.43,56463.701,4033.12,3226.5,8872.87,15,3226.5,1613.25,10,66.56
146-13-1925,168723.9,118106.73,8436.2,6748.96,18559.63,8,6748.96,3374.48,4,139.21
850-24-6316,46169.25,32318.475,2308.46,1846.77,5078.62,10,1846.77,923.39,8,38.10
770-77-9300,26318.17,18422.719,1315.91,1052.73,2895,20,1052.73,526.36,2,21.73
526-71-6311,57482.32,40237.624,2874.12,2299.29,6323.06,7,2299.29,1149.65,4,47.43
743-19-4042,77741.71,54419.197,3887.09,3109.67,8551.59,11,3109.67,1554.83,4,64.14
853-77-3042,51760,36232,2588,2070.4,5693.6,13,2070.4,1035.2,7,42.71
412-97-3582,66246.97,46372.879,3312.35,2649.88,7287.17,1,2649.88,1324.94,0,54.68
432-44-4937,73648.46,51553.922,3682.42,2945.94,8101.33,18,2945.94,1472.97,9,60.78
290-40-7878,160277.63,112194.341,8013.88,6411.11,17630.54,16,6411.11,3205.55,5,132.24
323-20-6524,188073.36,131651.352,9403.67,7522.93,20688.07,3,7522.93,3761.47,8,155.18
524-67-0808,40388.31,28271.817,2019.42,1615.53,4442.71,20,1615.53,807.77,2,33.34
168-26-9738,80118.15,56082.705,4005.91,3204.73,8813,7,3204.73,1602.36,8,66.11
250-04-5638,43416.42,30391.494,2170.82,1736.66,4775.81,6,1736.66,868.33,10,35.83
572-78-0613,49170.45,34419.315,2458.52,1966.82,5408.75,7,1966.82,983.41,4,40.58
706-54-0392,108885.71,76219.997,5444.29,4355.43,11977.43,8,4355.43,2177.71,10,89.84
597-03-4759,54067.43,37847.201,2703.37,2162.7,5947.42,7,2162.7,1081.35,9,44.62
197-98-1208,189607.35,132725.145,9480.37,7584.29,20856.81,1,7584.29,3792.15,1,156.45
312-24-9763,168696.25,118087.375,8434.81,6747.85,18556.59,17,6747.85,3373.93,0,139.18
493-77-9411,43490.58,30443.406,2174.53,1739.62,4783.96,5,1739.62,869.81,8,35.90
333-04-0878,90229.19,63160.433,4511.46,3609.17,9925.21,20,3609.17,1804.58,5,74.46
714-36-7268,170200.8,119140.56,8510.04,6808.03,18722.09,5,6808.03,3404.02,9,140.43
617-78-2662,110714.23,77499.961,5535.71,4428.57,12178.57,7,4428.57,2214.28,8,91.35
830-80-9875,61732.17,43212.519,3086.61,2469.29,6790.54,4,2469.29,1234.64,6,50.95
196-08-0009,66173.63,46321.541,3308.68,2646.95,7279.1,14,2646.95,1323.47,4,54.60
840-11-5296,32079.11,22455.377,1603.96,1283.16,3528.7,12,1283.16,641.58,6,26.47
458-64-1509,41076.05,28753.235,2053.8,1643.04,4518.37,4,1643.04,821.52,5,33.91
625-23-0975,81462.22,57023.554,4073.11,3258.49,8960.84,15,3258.49,1629.24,1,67.21
215-25-4321,76875.32,53812.724,3843.77,3075.01,8456.29,6,3075.01,1537.51,2,63.43
230-74-0663,54628.34,38239.838,2731.42,2185.13,6009.12,3,2185.13,1092.57,1,45.09
718-41-7618,178267.39,124787.173,8913.37,7130.7,19609.41,18,7130.7,3565.35,5,147.08
524-76-7460,198176.78,138723.746,9908.84,7927.07,21799.45,16,7927.07,3963.54,10,163.51
610-95-5597,78854.51,55198.157,3942.73,3154.18,8674,9,3154.18,1577.09,7,65.06
639-55-4992,154778.81,108345.167,7738.94,6191.15,17025.67,11,6191.15,3095.58,10,127.70
229-05-6612,53032.14,37122.498,2651.61,2121.29,5833.54,20,2121.29,1060.64,7,43.77
257-90-7401,131737.44,92216.208,6586.87,5269.5,14491.12,19,5269.5,2634.75,8,108.70
562-46-2421,27505.83,19254.081,1375.29,1100.23,3025.64,20,1100.23,550.12,3,22.71
351-35-0778,140303.85,98212.695,7015.19,5612.15,15433.42,2,5612.15,2806.08,10,115.77
584-88-6201,177230.78,124061.546,8861.54,7089.23,19495.39,16,7089.23,3544.62,5,146.23
594-16-9868,51397.62,35978.334,2569.88,2055.9,5653.74,14,2055.9,1027.95,7,42.41
390-28-6994,169041.37,118328.959,8452.07,6761.65,18594.55,1,6761.65,3380.83,0,139.48
472-90-5048,167032.47,116922.729,8351.62,6681.3,18373.57,16,6681.3,3340.65,6,137.81
117-78-7102,39478.16,27634.712,1973.91,1579.13,4342.6,2,1579.13,789.56,9,32.59
344-96-2842,162303.3,113612.31,8115.17,6492.13,17853.36,18,6492.13,3246.07,8,133.92
242-62-9239,160563.75,112394.625,8028.19,6422.55,17662.01,20,6422.55,3211.28,1,132.48
834-42-9647,106317.74,74422.418,5315.89,4252.71,11694.95,9,4252.71,2126.35,0,87.72
796-29-5114,164158.39,114910.873,8207.92,6566.34,18057.42,9,6566.34,3283.17,5,135.44
334-73-2167,123503.94,86452.758,6175.2,4940.16,13585.43,1,4940.16,2470.08,8,101.92
664-17-4190,122347.13,85642.991,6117.36,4893.89,13458.18,10,4893.89,2446.94,2,100.94
550-47-0488,143940.22,100758.154,7197.01,5757.61,15833.42,15,5757.61,2878.8,7,118.76
586-11-3596,86537.03,60575.921,4326.85,3461.48,9519.07,9,3461.48,1730.74,10,71.40
458-48-0693,33430.49,23401.343,1671.52,1337.22,3677.35,11,1337.22,668.61,7,27.58
787-06-7356,195722.54,137005.778,9786.13,7828.9,21529.48,4,7828.9,3914.45,5,161.49
391-92-9519,178417.49,124892.243,8920.87,7136.7,19625.92,15,7136.7,3568.35,0,147.20
345-98-1858,176229.64,123360.748,8811.48,7049.19,19385.26,10,7049.19,3524.59,5,145.40
154-06-3551,102225.48,71557.836,5111.27,4089.02,11244.8,13,4089.02,2044.51,9,84.34
278-89-8725,99780.69,69846.483,4989.03,3991.23,10975.88,10,3991.23,1995.61,4,82.32
197-17-2683,193185.57,135229.899,9659.28,7727.42,21250.41,16,7727.42,3863.71,5,159.39
400-13-1153,167172.52,117020.764,8358.63,6686.9,18388.98,10,6686.9,3343.45,0,137.92
478-41-6998,40872.3,28610.61,2043.62,1634.89,4495.95,3,1634.89,817.45,7,33.74
186-50-5039,29732.29,20812.603,1486.61,1189.29,3270.55,18,1189.29,594.65,10,24.55
571-65-5632,23275.32,16292.724,1163.77,931.01,2560.29,1,931.01,465.51,1,19.22
283-34-1358,191015.32,133710.724,9550.77,7640.61,21011.69,17,7640.61,3820.31,6,157.60
365-36-3302,136892.94,95825.058,6844.65,5475.72,15058.22,14,5475.72,2737.86,3,112.94
143-62-7407,54815.44,38370.808,2740.77,2192.62,6029.7,2,2192.62,1096.31,3,45.24
607-61-0279,50437.32,35306.124,2521.87,2017.49,5548.11,20,2017.49,1008.75,9,41.63
148-92-3026,127134.43,88994.101,6356.72,5085.38,13984.79,18,5085.38,2542.69,4,104.90
318-99-4524,152207.83,106545.481,7610.39,6088.31,16742.86,6,6088.31,3044.16,1,125.58
753-81-5593,154308.29,108015.803,7715.41,6172.33,16973.91,20,6172.33,3086.17,4,127.32
189-62-8701,42265.95,29586.165,2113.3,1690.64,4649.25,10,1690.64,845.32,8,34.88
428-80-1324,132906.94,93034.858,6645.35,5316.28,14619.76,13,5316.28,2658.14,7,109.65
478-76-3092,150241.46,105169.022,7512.07,6009.66,16526.56,3,6009.66,3004.83,2,123.97
452-69-4949,56666.02,39666.214,2833.3,2266.64,6233.26,17,2266.64,1133.32,3,46.76
586-35-1491,108276.36,75793.452,5413.82,4331.05,11910.4,18,4331.05,2165.53,3,89.34
834-54-3380,153115.36,107180.752,7655.77,6124.61,16842.69,5,6124.61,3062.31,2,126.33
246-54-1644,56046.63,39232.641,2802.33,2241.87,6165.13,19,2241.87,1120.93,6,46.25
656-10-7361,84573.06,59201.142,4228.65,3382.92,9303.04,2,3382.92,1691.46,0,69.79
744-65-3632,189214.8,132450.36,9460.74,7568.59,20813.63,15,7568.59,3784.3,2,156.11
500-60-2795,119135.36,83394.752,5956.77,4765.41,13104.89,6,4765.41,2382.71,6,98.30
209-04-7708,121259.47,84881.629,6062.97,4850.38,13338.54,14,4850.38,2425.19,9,100.05
636-51-8497,83203.79,58242.653,4160.19,3328.15,9152.42,8,3328.15,1664.08,2,68.65
239-87-7567,34041.54,23829.078,1702.08,1361.66,3744.57,10,1361.66,680.83,4,28.09
630-73-5302,28009.74,19606.818,1400.49,1120.39,3081.07,9,1120.39,560.19,9,23.12
676-41-7739,169114.93,118380.451,8455.75,6764.6,18602.64,17,6764.6,3382.3,8,139.53
134-46-9257,137936.04,96555.228,6896.8,5517.44,15172.96,1,5517.44,2758.72,2,113.82
529-38-6435,28645.89,20052.123,1432.29,1145.84,3151.05,5,1145.84,572.92,5,23.65
559-18-3764,190916.79,133641.753,9545.84,7636.67,21000.85,2,7636.67,3818.34,5,157.53
555-15-5878,40769.89,28538.923,2038.49,1630.8,4484.69,19,1630.8,815.4,3,33.65
131-57-1352,39661.81,27763.267,1983.09,1586.47,4362.8,13,1586.47,793.24,0,32.72
164-86-0190,152714.07,106899.849,7635.7,6108.56,16798.55,3,6108.56,3054.28,10,126.01
198-64-5501,23051.17,16135.819,1152.56,922.05,2535.63,17,922.05,461.02,1,19.03
431-37-9124,121686.6,85180.62,6084.33,4867.46,13385.53,10,4867.46,2433.73,7,100.40
848-97-9758,135210.69,94647.483,6760.53,5408.43,14873.18,19,5408.43,2704.21,4,111.56
593-77-6491,75529.34,52870.538,3776.47,3021.17,8308.23,1,3021.17,1510.59,9,62.34
722-22-8739,34098.45,23868.915,1704.92,1363.94,3750.83,13,1363.94,681.97,6,28.14
448-21-2214,62671.93,43870.351,3133.6,2506.88,6893.91,7,2506.88,1253.44,8,51.72
795-15-2468,96426.19,67498.333,4821.31,3857.05,10606.88,9,3857.05,1928.52,8,79.56
118-22-6720,59111.16,41377.812,2955.56,2364.45,6502.23,8,2364.45,1182.22,2,48.78
330-15-6617,156883.46,109818.422,7844.17,6275.34,17257.18,7,6275.34,3137.67,5,129.44
484-27-0972,129592.36,90714.652,6479.62,5183.69,14255.16,9,5183.69,2591.85,5,106.92
329-91-2039,111954.5,78368.15,5597.73,4478.18,12315,9,4478.18,2239.09,1,92.37
574-74-4682,124703.53,87292.471,6235.18,4988.14,13717.39,20,4988.14,2494.07,8,102.90
170-14-0264,176660.85,123662.595,8833.04,7066.43,19432.69,18,7066.43,3533.22,5,145.76
408-08-5520,85721.96,60005.372,4286.1,3428.88,9429.42,6,3428.88,1714.44,4,70.73
504-45-4507,192955.94,135069.158,9647.8,7718.24,21225.15,4,7718.24,3859.12,6,159.21
198-22-5301,154044.14,107830.898,7702.21,6161.77,16944.86,1,6161.77,3080.88,1,127.11
407-30-2939,134842.8,94389.96,6742.14,5393.71,14832.71,12,5393.71,2696.86,2,111.25
519-79-0683,135508.13,94855.691,6775.41,5420.33,14905.89,7,5420.33,2710.16,9,111.81
357-83-1063,95257.49,66680.243,4762.87,3810.3,10478.32,9,3810.3,1905.15,6,78.60
765-18-8140,187399.3,131179.51,9369.97,7495.97,20613.92,14,7495.97,3747.99,2,154.61
370-75-4782,23398.84,16379.188,1169.94,935.95,2573.87,11,935.95,467.98,1,19.31
313-59-6109,117360.02,82152.014,5868,4694.4,12909.6,12,4694.4,2347.2,10,96.83
164-46-5907,158612.23,111028.561,7930.61,6344.49,17447.35,5,6344.49,3172.24,4,130.87
543-40-8270,195123.22,136586.254,9756.16,7804.93,21463.55,14,7804.93,3902.46,2,160.98
175-62-7902,90944.17,63660.919,4547.21,3637.77,10003.86,14,3637.77,1818.88,2,75.03
527-70-1704,143064.88,100145.416,7153.24,5722.6,15737.14,5,5722.6,2861.3,8,118.05
555-23-6510,141111.45,98778.015,7055.57,5644.46,15522.26,20,5644.46,2822.23,10,116.44
859-73-9122,43396,30377.2,2169.8,1735.84,4773.56,6,1735.84,867.92,9,35.82
698-29-5169,198038.84,138627.188,9901.94,7921.55,21784.27,16,7921.55,3960.78,9,163.39
362-66-9071,119467.85,83627.495,5973.39,4778.71,13141.46,1,4778.71,2389.36,0,98.58
831-91-2014,158438.14,110906.698,7921.91,6337.53,17428.2,12,6337.53,3168.76,6,130.71
799-38-4399,33171.67,23220.169,1658.58,1326.87,3648.88,3,1326.87,663.43,9,27.39
167-09-4862,141918.07,99342.649,7095.9,5676.72,15610.99,2,5676.72,2838.36,4,117.10
647-04-4562,74114.59,51880.213,3705.73,2964.58,8152.6,13,2964.58,1482.29,4,61.15
419-52-3930,80155.28,56108.696,4007.76,3206.21,8817.08,3,3206.21,1603.11,5,66.15
798-05-2130,115432.91,80803.037,5771.65,4617.32,12697.62,19,4617.32,2308.66,5,95.25
385-25-2292,99236.98,69465.886,4961.85,3969.48,10916.07,10,3969.48,1984.74,2,81.88
651-30-0088,194584.25,136208.975,9729.21,7783.37,21404.27,10,7783.37,3891.69,5,160.54
133-42-0510,97824.91,68477.437,4891.25,3913,10760.74,15,3913,1956.5,2,80.71
678-71-7439,120110.47,84077.329,6005.52,4804.42,13212.15,7,4804.42,2402.21,1,99.10
264-52-8973,34938.21,24456.747,1746.91,1397.53,3843.2,5,1397.53,698.76,10,28.84
418-48-8275,62701.03,43890.721,3135.05,2508.04,6897.11,18,2508.04,1254.02,7,51.74
401-88-9557,34538.88,24177.216,1726.94,1381.56,3799.28,16,1381.56,690.78,8,28.51
504-49-4983,63355.7,44348.99,3167.79,2534.23,6969.13,1,2534.23,1267.11,0,52.29
274-76-9035,154223.72,107956.604,7711.19,6168.95,16964.61,15,6168.95,3084.47,2,127.24
603-71-9347,182290.84,127603.588,9114.54,7291.63,20051.99,13,7291.63,3645.82,3,150.39
420-77-6886,191944.13,134360.891,9597.21,7677.77,21113.85,14,7677.77,3838.88,8,158.36
705-40-4194,157177.17,110024.019,7858.86,6287.09,17289.49,13,6287.09,3143.54,9,129.68
576-87-3402,159036.42,111325.494,7951.82,6361.46,17494.01,20,6361.46,3180.73,3,131.22
386-73-5299,67770.19,47439.133,3388.51,2710.81,7454.72,11,2710.81,1355.4,9,55.92
868-35-7590,69126.25,48388.375,3456.31,2765.05,7603.89,9,2765.05,1382.53,5,57.04
525-24-5050,188408.65,131886.055,9420.43,7536.35,20724.95,8,7536.35,3768.17,8,155.45
358-05-0361,77597.35,54318.145,3879.87,3103.89,8535.71,7,3103.89,1551.95,10,64.03
284-29-1287,152709.82,106896.874,7635.49,6108.39,16798.08,10,6108.39,3054.2,0,125.99
871-21-2249,43143.34,30200.338,2157.17,1725.73,4745.77,18,1725.73,862.87,10,35.61
377-79-9044,173343.77,121340.639,8667.19,6933.75,19067.81,16,6933.75,3466.88,10,143.02
747-90-3567,199761.02,139832.714,9988.05,7990.44,21973.71,1,7990.44,3995.22,10,164.83
295-25-7944,24470.41,17129.287,1223.52,978.82,2691.75,7,978.82,489.41,10,20.20
782-01-7863,93827.32,65679.124,4691.37,3753.09,10321.01,20,3753.09,1876.55,0,77.42
532-70-2357,95973.96,67181.772,4798.7,3838.96,10557.14,6,3838.96,1919.48,6,79.19
285-64-9249,55968.5,39177.95,2798.43,2238.74,6156.54,20,2238.74,1119.37,9,46.19
762-12-2041,62449.19,43714.433,3122.46,2497.97,6869.41,12,2497.97,1248.98,10,51.52
823-16-4890,72187.5,50531.25,3609.38,2887.5,7940.63,2,2887.5,1443.75,4,59.58
533-42-3925,120875.14,84612.598,6043.76,4835.01,13296.27,6,4835.01,2417.5,9,99.74
136-62-5979,155382.29,108767.603,7769.11,6215.29,17092.05,6,6215.29,3107.65,8,128.21
214-75-4726,51199.5,35839.65,2559.98,2047.98,5631.95,1,2047.98,1023.99,4,42.26
536-23-1025,78107.93,54675.551,3905.4,3124.32,8591.87,7,3124.32,1562.16,4,64.45
364-51-2149,90250.19,63175.133,4512.51,3610.01,9927.52,11,3610.01,1805,1,74.46
167-12-8749,140090.41,98063.287,7004.52,5603.62,15409.95,13,5603.62,2801.81,8,115.58
262-58-4226,193540.7,135478.49,9677.04,7741.63,21289.48,4,7741.63,3870.81,7,159.69
687-83-7547,151524.09,106066.863,7576.2,6060.96,16667.65,5,6060.96,3030.48,7,125.02
250-95-2808,93383.73,65368.611,4669.19,3735.35,10272.21,20,3735.35,1867.67,2,77.06
493-65-9637,121208.62,84846.034,6060.43,4848.34,13332.95,18,4848.34,2424.17,10,100.01
572-36-2000,199280.92,139496.644,9964.05,7971.24,21920.9,2,7971.24,3985.62,2,164.43
466-19-6333,199181.14,139426.798,9959.06,7967.25,21909.93,14,7967.25,3983.62,7,164.33
509-54-1760,116309.38,81416.566,5815.47,4652.38,12794.03,6,4652.38,2326.19,6,95.97
556-65-2319,115884.7,81119.29,5794.24,4635.39,12747.32,7,4635.39,2317.69,5,95.62
359-74-8299,126218.14,88352.698,6310.91,5048.73,13884,8,5048.73,2524.36,7,104.14
325-16-7676,126144.47,88301.129,6307.22,5045.78,13875.89,14,5045.78,2522.89,9,104.08
521-92-8743,70187.02,49130.914,3509.35,2807.48,7720.57,9,2807.48,1403.74,6,57.91
173-93-6495,93925.99,65748.193,4696.3,3757.04,10331.86,6,3757.04,1878.52,1,77.50
324-47-8320,153399.35,107379.545,7669.97,6135.97,16873.93,13,6135.97,3067.99,10,126.56
633-22-5059,181955.42,127368.794,9097.77,7278.22,20015.1,5,7278.22,3639.11,4,150.13
237-16-6876,139052.43,97336.701,6952.62,5562.1,15295.77,15,5562.1,2781.05,8,114.73
668-24-3934,107190.48,75033.336,5359.52,4287.62,11790.95,6,4287.62,2143.81,3,88.45
327-23-7903,171658.04,120160.628,8582.9,6866.32,18882.38,3,6866.32,3433.16,6,141.64
715-73-2897,168342.63,117839.841,8417.13,6733.71,18517.69,17,6733.71,3366.85,0,138.89
132-49-0271,191391.52,133974.064,9569.58,7655.66,21053.07,2,7655.66,3827.83,1,157.92
392-37-9512,146869.32,102808.524,7343.47,5874.77,16155.63,15,5874.77,2937.39,6,121.18
850-14-5585,144061.75,100843.225,7203.09,5762.47,15846.79,8,5762.47,2881.24,6,118.86
790-67-0041,22482.46,15737.722,1124.12,899.3,2473.07,10,899.3,449.65,3,18.55
680-96-6640,198252.11,138776.477,9912.61,7930.08,21807.73,12,7930.08,3965.04,7,163.56
494-62-6460,50464.62,35325.234,2523.23,2018.58,5551.11,14,2018.58,1009.29,7,41.64
183-30-9487,114893.1,80425.17,5744.66,4595.72,12638.24,17,4595.72,2297.86,10,94.80
798-72-7287,196802.34,137761.638,9840.12,7872.09,21648.26,18,7872.09,3936.05,8,162.38
711-28-5073,21713.52,15199.464,1085.68,868.54,2388.49,6,868.54,434.27,9,17.93
812-04-2085,95449.53,66814.671,4772.48,3817.98,10499.45,4,3817.98,1908.99,1,78.76
493-16-1044,81880.64,57316.448,4094.03,3275.23,9006.87,4,3275.23,1637.61,1,67.57
192-20-8060,140109.49,98076.643,7005.47,5604.38,15412.04,16,5604.38,2802.19,8,115.60
866-24-5295,39503.07,27652.149,1975.15,1580.12,4345.34,12,1580.12,790.06,7,32.59
447-82-9302,21471.01,15029.707,1073.55,858.84,2361.81,7,858.84,429.42,2,17.72
482-90-4861,95491.07,66843.749,4774.55,3819.64,10504.02,18,3819.64,1909.82,5,78.79
333-62-4074,55403.78,38782.646,2770.19,2216.15,6094.42,19,2216.15,1108.08,10,45.73
103-32-4044,69846.65,48892.655,3492.33,2793.87,7683.13,9,2793.87,1396.93,7,57.63
611-17-0205,85033.57,59523.499,4251.68,3401.34,9353.69,18,3401.34,1700.67,4,70.17
330-91-2555,96617.8,67632.46,4830.89,3864.71,10627.96,12,3864.71,1932.36,1,79.71
304-91-8646,108532.45,75972.715,5426.62,4341.3,11938.57,14,4341.3,2170.65,9,89.55
208-23-7002,151631.05,106141.735,7581.55,6065.24,16679.42,11,6065.24,3032.62,5,125.10
229-67-2707,165126.64,115588.648,8256.33,6605.07,18163.93,17,6605.07,3302.53,2,136.24
801-12-6636,192687.03,134880.921,9634.35,7707.48,21195.57,18,7707.48,3853.74,3,158.98
538-20-1796,102420.42,71694.294,5121.02,4096.82,11266.25,7,4096.82,2048.41,2,84.51
158-29-2860,130253.1,91177.17,6512.66,5210.12,14327.84,4,5210.12,2605.06,9,107.48
733-33-6186,82231.61,57562.127,4111.58,3289.26,9045.48,16,3289.26,1644.63,7,67.85
525-72-1409,45319.44,31723.608,2265.97,1812.78,4985.14,9,1812.78,906.39,7,37.40
166-84-4221,114674.32,80272.024,5733.72,4586.97,12614.18,15,4586.97,2293.49,3,94.61
578-02-1282,159117.54,111382.278,7955.88,6364.7,17502.93,11,6364.7,3182.35,9,131.28
258-85-5441,57072.72,39950.904,2853.64,2282.91,6278,3,2282.91,1141.45,10,47.11
637-92-0719,115949.79,81164.853,5797.49,4637.99,12754.48,3,4637.99,2319,9,95.68
658-05-9229,100358.14,70250.698,5017.91,4014.33,11039.4,11,4014.33,2007.16,7,82.80
495-14-5207,147984.95,103589.465,7399.25,5919.4,16278.34,15,5919.4,2959.7,0,122.09
212-32-2051,20634.78,14444.346,1031.74,825.39,2269.83,9,825.39,412.7,7,17.03
346-58-0431,173715.83,121601.081,8685.79,6948.63,19108.74,20,6948.63,3474.32,1,143.33
291-54-8639,84740.52,59318.364,4237.03,3389.62,9321.46,10,3389.62,1694.81,9,69.92
462-72-6866,59078.24,41354.768,2953.91,2363.13,6498.61,5,2363.13,1181.56,3,48.75
469-88-5275,110085.84,77060.088,5504.29,4403.43,12109.44,3,4403.43,2201.72,1,90.84
430-17-4208,166955.91,116869.137,8347.8,6678.24,18365.15,14,6678.24,3339.12,4,137.74
204-63-4494,97283.99,68098.793,4864.2,3891.36,10701.24,2,3891.36,1945.68,7,80.28
626-16-5630,116466.3,81526.41,5823.32,4658.65,12811.29,12,4658.65,2329.33,6,96.09
865-52-5098,35277.12,24693.984,1763.86,1411.08,3880.48,12,1411.08,705.54,4,29.11
252-04-7983,39994.68,27996.276,1999.73,1599.79,4399.41,10,1599.79,799.89,5,33.00
515-98-0132,175660.74,122962.518,8783.04,7026.43,19322.68,5,7026.43,3513.21,9,144.94
554-99-0016,102358.79,71651.153,5117.94,4094.35,11259.47,13,4094.35,2047.18,4,84.45
772-94-7811,187519.3,131263.51,9375.97,7500.77,20627.12,18,7500.77,3750.39,1,154.72
100-12-1951,43911.42,30737.994,2195.57,1756.46,4830.26,5,1756.46,878.23,3,36.24
709-34-5213,183370.37,128359.259,9168.52,7334.81,20170.74,9,7334.81,3667.41,3,151.29
175-22-7355,183702.55,128591.785,9185.13,7348.1,20207.28,17,7348.1,3674.05,6,151.57
370-68-5457,185434.28,129803.996,9271.71,7417.37,20397.77,13,7417.37,3708.69,4,152.99
691-88-9138,24873,17411.1,1243.65,994.92,2736.03,14,994.92,497.46,8,20.53
524-97-5501,23697.37,16588.159,1184.87,947.89,2606.71,3,947.89,473.95,4,19.57
169-32-9462,186820.22,130774.154,9341.01,7472.81,20550.22,8,7472.81,3736.4,0,154.13
262-48-2206,28383.96,19868.772,1419.2,1135.36,3122.24,1,1135.36,567.68,1,23.44
566-16-2972,121182.12,84827.484,6059.11,4847.28,13330.03,6,4847.28,2423.64,0,99.99
441-06-0271,45583.12,31908.184,2279.16,1823.32,5014.14,11,1823.32,911.66,2,37.61
896-19-3876,67060.46,46942.322,3353.02,2682.42,7376.65,20,2682.42,1341.21,3,55.34
472-11-6007,114499.34,80149.538,5724.97,4579.97,12594.93,4,4579.97,2289.99,5,94.48
337-38-9197,72711.26,50897.882,3635.56,2908.45,7998.24,19,2908.45,1454.23,9,60.00
115-25-3643,167710.04,117397.028,8385.5,6708.4,18448.1,15,6708.4,3354.2,5,138.37
866-63-5166,135984.84,95189.388,6799.24,5439.39,14958.33,2,5439.39,2719.7,9,112.21
875-05-2675,157696.93,110387.851,7884.85,6307.88,17346.66,4,6307.88,3153.94,8,130.12
549-43-6004,43156.16,30209.312,2157.81,1726.25,4747.18,11,1726.25,863.12,9,35.61
612-31-8021,191607.71,134125.397,9580.39,7664.31,21076.85,10,7664.31,3832.15,7,158.08
426-45-8501,39052.87,27337.009,1952.64,1562.11,4295.82,16,1562.11,781.06,8,32.23
384-97-9669,50083.68,35058.576,2504.18,2003.35,5509.2,14,2003.35,1001.67,3,41.32
150-37-6953,37331.69,26132.183,1866.58,1493.27,4106.49,20,1493.27,746.63,6,30.82
863-16-6112,192381.36,134666.952,9619.07,7695.25,21161.95,12,7695.25,3847.63,1,158.72
657-17-2381,47122.97,32986.079,2356.15,1884.92,5183.53,20,1884.92,942.46,8,38.90
725-75-3484,41073.8,28751.66,2053.69,1642.95,4518.12,18,1642.95,821.48,7,33.90
410-60-1192,70245.76,49172.032,3512.29,2809.83,7727.03,9,2809.83,1404.92,8,57.96
854-02-6880,139442.37,97609.659,6972.12,5577.69,15338.66,5,5577.69,2788.85,6,115.06
172-28-2140,103548.93,72484.251,5177.45,4141.96,11390.38,11,4141.96,2070.98,6,85.43
594-37-0723,118844.79,83191.353,5942.24,4753.79,13072.93,16,4753.79,2376.9,6,98.06
834-79-1280,117547.66,82283.362,5877.38,4701.91,12930.24,15,4701.91,2350.95,7,96.99
578-29-9188,24572.28,17200.596,1228.61,982.89,2702.95,11,982.89,491.45,4,20.28
525-78-9124,110566.75,77396.725,5528.34,4422.67,12162.34,11,4422.67,2211.34,9,91.22
123-86-8716,92985.46,65089.822,4649.27,3719.42,10228.4,17,3719.42,1859.71,3,76.72
191-96-9509,103000.34,72100.238,5150.02,4120.01,11330.04,19,4120.01,2060.01,9,84.99
429-18-4640,121742.02,85219.414,6087.1,4869.68,13391.62,4,4869.68,2434.84,7,100.46
483-79-3924,179134.48,125394.136,8956.72,7165.38,19704.79,3,7165.38,3582.69,9,147.81
219-69-0207,196571.68,137600.176,9828.58,7862.87,21622.88,15,7862.87,3931.43,7,162.18
157-95-7174,165663.52,115964.464,8283.18,6626.54,18222.99,5,6626.54,3313.27,1,136.69
326-98-1789,129792.24,90854.568,6489.61,5191.69,14277.15,12,5191.69,2595.84,5,107.08
582-62-0322,168635.67,118044.969,8431.78,6745.43,18549.92,2,6745.43,3372.71,0,139.14
702-06-5748,118085.46,82659.822,5904.27,4723.42,12989.4,8,4723.42,2361.71,10,97.43
738-99-9946,139804.24,97862.968,6990.21,5592.17,15378.47,5,5592.17,2796.08,9,115.36
782-80-8456,97623.87,68336.709,4881.19,3904.95,10738.63,19,3904.95,1952.48,9,80.56
864-27-5270,73909.05,51736.335,3695.45,2956.36,8130,10,2956.36,1478.18,7,60.98
598-06-8298,101819.66,71273.762,5090.98,4072.79,11200.16,10,4072.79,2036.39,4,84.01
642-28-7620,124495.81,87147.067,6224.79,4979.83,13694.54,16,4979.83,2489.92,0,102.72
609-31-9496,25470.14,17829.098,1273.51,1018.81,2801.72,1,1018.81,509.4,6,21.04
191-37-5036,157547.02,110282.914,7877.35,6301.88,17330.17,6,6301.88,3150.94,1,129.99
107-02-8934,158948.22,111263.754,7947.41,6357.93,17484.3,11,6357.93,3178.96,1,131.13
508-19-0880,93232.4,65262.68,4661.62,3729.3,10255.56,18,3729.3,1864.65,1,76.93
761-17-2166,159805.21,111863.647,7990.26,6392.21,17578.57,17,6392.21,3196.1,8,131.85
284-79-0359,120295.31,84206.717,6014.77,4811.81,13232.48,5,4811.81,2405.91,4,99.26
801-77-0203,146696.41,102687.487,7334.82,5867.86,16136.61,18,5867.86,2933.93,2,121.04
307-85-6982,112581.26,78806.882,5629.06,4503.25,12383.94,19,4503.25,2251.63,3,92.89
673-54-5412,89303.55,62512.485,4465.18,3572.14,9823.39,6,3572.14,1786.07,3,73.69
584-07-8731,40370.76,28259.532,2018.54,1614.83,4440.78,3,1614.83,807.42,9,33.33
486-33-9498,187376.62,131163.634,9368.83,7495.06,20611.43,8,7495.06,3747.53,0,154.59
217-12-7640,52656.53,36859.571,2632.83,2106.26,5792.22,3,2106.26,1053.13,3,43.46
636-47-2971,53786.57,37650.599,2689.33,2151.46,5916.52,20,2151.46,1075.73,10,44.39
734-06-6084,183528.18,128469.726,9176.41,7341.13,20188.1,10,7341.13,3670.56,10,151.42
428-72-1057,134470.39,94129.273,6723.52,5378.82,14791.74,2,5378.82,2689.41,8,110.96
217-69-5619,71522.9,50066.03,3576.15,2860.92,7867.52,11,2860.92,1430.46,10,59.01
491-20-1481,113625.46,79537.822,5681.27,4545.02,12498.8,7,4545.02,2272.51,9,93.75
483-57-5306,84647.01,59252.907,4232.35,3385.88,9311.17,9,3385.88,1692.94,9,69.84
418-87-4976,72540.15,50778.105,3627.01,2901.61,7979.42,7,2901.61,1450.8,5,59.86
617-62-6012,161620.82,113134.574,8081.04,6464.83,17778.29,6,6464.83,3232.42,9,133.35
744-59-3260,81601.87,57121.309,4080.09,3264.07,8976.21,2,3264.07,1632.04,2,67.34
147-80-3468,144554.88,101188.416,7227.74,5782.2,15901.04,20,5782.2,2891.1,5,119.28
149-91-6646,163184.75,114229.325,8159.24,6527.39,17950.32,12,6527.39,3263.7,6,134.63
708-62-4732,154521.05,108164.735,7726.05,6180.84,16997.32,14,6180.84,3090.42,4,127.49
774-64-2039,137490.34,96243.238,6874.52,5499.61,15123.94,17,5499.61,2749.81,9,113.44
426-40-1257,106061.64,74243.148,5303.08,4242.47,11666.78,19,4242.47,2121.23,1,87.52
225-72-3771,172693.28,120885.296,8634.66,6907.73,18996.26,16,6907.73,3453.87,9,142.48
809-50-8532,63213.38,44249.366,3160.67,2528.54,6953.47,8,2528.54,1264.27,6,52.16
708-23-1891,168331.36,117831.952,8416.57,6733.25,18516.45,14,6733.25,3366.63,0,138.88
799-96-3248,102926.68,72048.676,5146.33,4117.07,11321.93,2,4117.07,2058.53,5,84.94
777-63-0779,197937.47,138556.229,9896.87,7917.5,21773.12,20,7917.5,3958.75,8,163.32
203-54-4188,64246.87,44972.809,3212.34,2569.87,7067.16,8,2569.87,1284.94,5,53.01
217-14-5700,139888.59,97922.013,6994.43,5595.54,15387.74,2,5595.54,2797.77,9,115.43
207-77-4286,189361.01,132552.707,9468.05,7574.44,20829.71,1,7574.44,3787.22,6,156.25
332-97-3396,158111.26,110677.882,7905.56,6324.45,17392.24,11,6324.45,3162.23,5,130.45
888-22-9769,55893.05,39125.135,2794.65,2235.72,6148.24,6,2235.72,1117.86,10,46.13
799-50-3958,67869.8,47508.86,3393.49,2714.79,7465.68,17,2714.79,1357.4,7,56.01
578-97-3617,24457.94,17120.558,1222.9,978.32,2690.37,7,978.32,489.16,5,20.19
199-44-2309,177396.88,124177.816,8869.84,7095.88,19513.66,19,7095.88,3547.94,7,146.37
611-42-2054,109805.85,76864.095,5490.29,4392.23,12078.64,13,4392.23,2196.12,5,90.59
281-76-1769,33294.88,23306.416,1664.74,1331.8,3662.44,17,1331.8,665.9,3,27.48
207-29-9869,28433.73,19903.611,1421.69,1137.35,3127.71,5,1137.35,568.67,7,23.47
259-83-6371,117574.3,82302.01,5878.72,4702.97,12933.17,8,4702.97,2351.49,6,97.01
800-69-1195,192406.59,134684.613,9620.33,7696.26,21164.72,19,7696.26,3848.13,4,158.75
269-81-0423,135239.76,94667.832,6761.99,5409.59,14876.37,15,5409.59,2704.8,9,111.58
628-85-2005,94998.95,66499.265,4749.95,3799.96,10449.88,12,3799.96,1899.98,4,78.38
115-82-0382,170679.39,119475.573,8533.97,6827.18,18774.73,13,6827.18,3413.59,0,140.81
872-02-4633,22339.38,15637.566,1116.97,893.58,2457.33,11,893.58,446.79,6,18.43
498-07-3382,64973.08,45481.156,3248.65,2598.92,7147.04,15,2598.92,1299.46,9,53.61
670-62-5541,152469.28,106728.496,7623.46,6098.77,16771.62,1,6098.77,3049.39,7,125.81
855-23-8727,166227.24,116359.068,8311.36,6649.09,18285,16,6649.09,3324.54,3,137.15
771-04-2292,166969.19,116878.433,8348.46,6678.77,18366.61,1,6678.77,3339.38,0,137.77
860-40-4548,118326.42,82828.494,5916.32,4733.06,13015.91,10,4733.06,2366.53,9,97.63
231-16-2290,21170.05,14819.035,1058.5,846.8,2328.71,8,846.8,423.4,8,17.48
690-89-4227,168303.87,117812.709,8415.19,6732.15,18513.43,16,6732.15,3366.08,7,138.86
487-15-1653,89666.8,62766.76,4483.34,3586.67,9863.35,14,3586.67,1793.34,1,73.98
800-60-6852,88004.59,61603.213,4400.23,3520.18,9680.5,18,3520.18,1760.09,1,72.62
287-16-5697,133966.68,93776.676,6698.33,5358.67,14736.33,9,5358.67,2679.33,0,110.53
284-18-7736,157495.96,110247.172,7874.8,6299.84,17324.56,17,6299.84,3149.92,4,129.95
657-47-8633,61196.75,42837.725,3059.84,2447.87,6731.64,4,2447.87,1223.94,9,50.51
896-50-9731,161492.23,113044.561,8074.61,6459.69,17764.15,14,6459.69,3229.84,8,133.24
690-14-7494,160897.61,112628.327,8044.88,6435.9,17698.74,6,6435.9,3217.95,10,132.76
568-46-1417,67503.03,47252.121,3375.15,2700.12,7425.33,8,2700.12,1350.06,6,55.70
146-11-2216,128505.38,89953.766,6425.27,5140.22,14135.59,16,5140.22,2570.11,1,106.03
752-42-9683,130029.53,91020.671,6501.48,5201.18,14303.25,8,5201.18,2600.59,1,107.28
721-31-7227,188247.54,131773.278,9412.38,7529.9,20707.23,2,7529.9,3764.95,5,155.33
121-03-0975,145005.37,101503.759,7250.27,5800.21,15950.59,12,5800.21,2900.11,3,119.63
536-33-5474,42051.43,29436.001,2102.57,1682.06,4625.66,5,1682.06,841.03,10,34.71
885-79-2836,96423.72,67496.604,4821.19,3856.95,10606.61,13,3856.95,1928.47,0,79.55
659-30-6182,52121.97,36485.379,2606.1,2084.88,5733.42,20,2084.88,1042.44,1,43.02
557-15-7260,94052.35,65836.645,4702.62,3762.09,10345.76,10,3762.09,1881.05,4,77.60
708-23-3087,97255.46,68078.822,4862.77,3890.22,10698.1,11,3890.22,1945.11,3,80.24
400-57-4895,56117.65,39282.355,2805.88,2244.71,6172.94,18,2244.71,1122.35,7,46.31
629-23-0509,67079.14,46955.398,3353.96,2683.17,7378.71,2,2683.17,1341.58,1,55.36
738-53-1801,50314.81,35220.367,2515.74,2012.59,5534.63,19,2012.59,1006.3,2,41.52
622-50-4713,113373.12,79361.184,5668.66,4534.92,12471.04,17,4534.92,2267.46,2,93.54
232-56-6994,48885.54,34219.878,2444.28,1955.42,5377.41,16,1955.42,977.71,9,40.34
268-33-7711,77972.37,54580.659,3898.62,3118.89,8576.96,7,3118.89,1559.45,3,64.34
862-85-1813,110664.56,77465.192,5533.23,4426.58,12173.1,20,4426.58,2213.29,5,91.32
289-98-8288,120203.33,84142.331,6010.17,4808.13,13222.37,4,4808.13,2404.07,7,99.19
746-09-0361,168117.77,117682.439,8405.89,6724.71,18492.95,17,6724.71,3362.36,5,138.71
694-92-6648,64800.63,45360.441,3240.03,2592.03,7128.07,17,2592.03,1296.01,3,53.47
374-64-4598,166380.22,116466.154,8319.01,6655.21,18301.82,1,6655.21,3327.6,6,137.29
394-68-8315,146548.87,102584.209,7327.44,5861.95,16120.38,8,5861.95,2930.98,4,120.91
333-03-8881,73272.11,51290.477,3663.61,2930.88,8059.93,18,2930.88,1465.44,0,60.46
679-13-9397,154322.23,108025.561,7716.11,6172.89,16975.45,8,6172.89,3086.44,5,127.33
593-05-3117,139389.17,97572.419,6969.46,5575.57,15332.81,20,5575.57,2787.78,6,115.01
617-77-8859,68867.53,48207.271,3443.38,2754.7,7575.43,16,2754.7,1377.35,2,56.82
642-21-3948,189868.25,132907.775,9493.41,7594.73,20885.51,7,7594.73,3797.37,3,156.65
432-19-6900,99198.45,69438.915,4959.92,3967.94,10911.83,19,3967.94,1983.97,3,81.85
332-82-0828,83551.02,58485.714,4177.55,3342.04,9190.61,5,3342.04,1671.02,7,68.95
220-11-3599,179608.98,125726.286,8980.45,7184.36,19756.99,6,7184.36,3592.18,6,148.19
642-42-7300,83377.98,58364.586,4168.9,3335.12,9171.58,19,3335.12,1667.56,8,68.80
581-36-0165,159104.14,111372.898,7955.21,6364.17,17501.46,4,6364.17,3182.08,0,131.28
370-09-5430,142922.51,100045.757,7146.13,5716.9,15721.48,8,5716.9,2858.45,9,117.92
217-67-6336,102835.52,71984.864,5141.78,4113.42,11311.91,17,4113.42,2056.71,1,84.85
738-27-4454,184980.82,129486.574,9249.04,7399.23,20347.89,18,7399.23,3699.62,6,152.62
809-05-0982,191914.52,134340.164,9595.73,7676.58,21110.6,10,7676.58,3838.29,10,158.34
216-25-1621,166656.22,116659.354,8332.81,6666.25,18332.18,7,6666.25,3333.12,5,137.50
743-37-3142,120029.05,84020.335,6001.45,4801.16,13203.2,18,4801.16,2400.58,2,99.04
154-49-8131,88670.93,62069.651,4433.55,3546.84,9753.8,18,3546.84,1773.42,2,73.17
611-11-7075,22774.49,15942.143,1138.72,910.98,2505.19,5,910.98,455.49,3,18.80
208-19-8476,71226.32,49858.424,3561.32,2849.05,7834.9,13,2849.05,1424.53,7,58.77
638-38-0183,128219.64,89753.748,6410.98,5128.79,14104.16,2,5128.79,2564.39,7,105.80
826-86-4058,124260.18,86982.126,6213.01,4970.41,13668.62,18,4970.41,2485.2,3,102.53
349-62-5965,142851.73,99996.211,7142.59,5714.07,15713.69,17,5714.07,2857.03,1,117.86
162-84-5143,110178.12,77124.684,5508.91,4407.12,12119.59,14,4407.12,2203.56,5,90.90
720-81-9868,172090.43,120463.301,8604.52,6883.62,18929.95,7,6883.62,3441.81,4,141.99
552-97-0806,152708.33,106895.831,7635.42,6108.33,16797.92,4,6108.33,3054.17,2,126.00
893-70-0234,26356.81,18449.767,1317.84,1054.27,2899.25,3,1054.27,527.14,1,21.76
563-02-8418,156249.75,109374.825,7812.49,6249.99,17187.47,18,6249.99,3125,7,128.92
641-63-6206,76540.74,53578.518,3827.04,3061.63,8419.48,11,3061.63,1530.81,5,63.15
649-56-6281,28625.62,20037.934,1431.28,1145.02,3148.82,7,1145.02,572.51,1,23.63
451-49-5357,137280.23,96096.161,6864.01,5491.21,15100.83,5,5491.21,2745.6,3,113.27
461-07-9792,59397.85,41578.495,2969.89,2375.91,6533.76,12,2375.91,1187.96,7,49.01
177-04-6313,148774.51,104142.157,7438.73,5950.98,16365.2,3,5950.98,2975.49,5,122.76
746-95-1270,170018.74,119013.118,8500.94,6800.75,18702.06,10,6800.75,3400.37,9,140.27
773-11-7229,131257.59,91880.313,6562.88,5250.3,14438.33,16,5250.3,2625.15,1,108.30
859-17-2497,124205.59,86943.913,6210.28,4968.22,13662.61,2,4968.22,2484.11,1,102.49
494-25-0065,186147.91,130303.537,9307.4,7445.92,20476.27,9,7445.92,3722.96,2,153.58
337-75-8903,141172.63,98820.841,7058.63,5646.91,15528.99,7,5646.91,2823.45,9,116.48
594-07-3860,114584.85,80209.395,5729.24,4583.39,12604.33,3,4583.39,2291.7,3,94.55
555-02-1494,108973.72,76281.604,5448.69,4358.95,11987.11,1,4358.95,2179.47,0,89.93
727-36-3574,134321.24,94024.868,6716.06,5372.85,14775.34,12,5372.85,2686.42,4,110.82
134-53-5575,45283.9,31698.73,2264.2,1811.36,4981.23,14,1811.36,905.68,2,37.36
579-63-0045,89887.21,62921.047,4494.36,3595.49,9887.59,13,3595.49,1797.74,10,74.16
722-78-0913,169269.45,118488.615,8463.47,6770.78,18619.64,10,6770.78,3385.39,6,139.65
420-29-1948,53452.86,37417.002,2672.64,2138.11,5879.81,14,2138.11,1069.06,9,44.11
141-48-5122,131706,92194.2,6585.3,5268.24,14487.66,4,5268.24,2634.12,0,108.67
794-86-7247,37879.57,26515.699,1893.98,1515.18,4166.75,11,1515.18,757.59,8,31.26
775-38-3670,136917.78,95842.446,6845.89,5476.71,15060.96,14,5476.71,2738.36,4,112.96
377-78-1917,98307.03,68814.921,4915.35,3932.28,10813.77,6,3932.28,1966.14,7,81.12
749-20-7280,83980.15,58786.105,4199.01,3359.21,9237.82,16,3359.21,1679.6,6,69.29
519-08-6667,169522.59,118665.813,8476.13,6780.9,18647.48,19,6780.9,3390.45,3,139.87
593-45-4394,81160.29,56812.203,4058.01,3246.41,8927.63,17,3246.41,1623.21,8,66.97
800-30-0204,41595.41,29116.787,2079.77,1663.82,4575.5,17,1663.82,831.91,3,34.33
603-90-5815,70514.12,49359.884,3525.71,2820.56,7756.55,9,2820.56,1410.28,10,58.18
887-29-8128,164504.84,115153.388,8225.24,6580.19,18095.53,6,6580.19,3290.1,3,135.73
318-62-6604,80824.55,56577.185,4041.23,3232.98,8890.7,12,3232.98,1616.49,10,66.68
753-72-1954,139857.13,97899.991,6992.86,5594.29,15384.28,18,5594.29,2797.14,3,115.40
605-76-9919,118930.74,83251.518,5946.54,4757.23,13082.38,2,4757.23,2378.61,10,98.14
768-92-8424,192309.39,134616.573,9615.47,7692.38,21154.03,8,7692.38,3846.19,6,158.67
630-38-4410,191831.73,134282.211,9591.59,7673.27,21101.49,3,7673.27,3836.63,2,158.28
416-14-6393,78695.54,55086.878,3934.78,3147.82,8656.51,18,3147.82,1573.91,8,64.94
667-64-4755,59799.96,41859.972,2990,2392,6578,1,2392,1196,6,49.36
536-87-3633,50723.71,35506.597,2536.19,2028.95,5579.61,15,2028.95,1014.47,3,41.85
547-20-6065,58661.73,41063.211,2933.09,2346.47,6452.79,4,2346.47,1173.23,9,48.42
529-98-7186,166603.14,116622.198,8330.16,6664.13,18326.35,1,6664.13,3332.06,2,137.47
779-25-4836,195713.73,136999.611,9785.69,7828.55,21528.51,13,7828.55,3914.27,3,161.47
256-07-6432,72980.25,51086.175,3649.01,2919.21,8027.83,15,2919.21,1459.61,8,60.22
158-26-8724,103234.75,72264.325,5161.74,4129.39,11355.82,10,4129.39,2064.7,0,85.17
787-51-1316,91190.63,63833.441,4559.53,3647.63,10030.97,9,3647.63,1823.81,0,75.24
642-25-7754,109879.35,76915.545,5493.97,4395.17,12086.73,1,4395.17,2197.59,5,90.67
755-60-9788,157279.89,110095.923,7863.99,6291.2,17300.79,19,6291.2,3145.6,10,129.77
631-06-6493,186480.33,130536.231,9324.02,7459.21,20512.84,2,7459.21,3729.61,0,153.87
828-17-0672,165248.3,115673.81,8262.42,6609.93,18177.31,13,6609.93,3304.97,10,136.34
202-27-1756,147579.38,103305.566,7378.97,5903.18,16233.73,19,5903.18,2951.59,7,121.77
723-13-6437,177745.67,124421.969,8887.28,7109.83,19552.02,15,7109.83,3554.91,2,146.65
217-33-4098,47328.59,33130.013,2366.43,1893.14,5206.14,6,1893.14,946.57,4,39.06
630-68-6446,35935.6,25154.92,1796.78,1437.42,3952.92,3,1437.42,718.71,0,29.66
481-90-0850,160770.7,112539.49,8038.54,6430.83,17684.78,1,6430.83,3215.41,1,132.66
858-33-7960,181572.44,127100.708,9078.62,7262.9,19972.97,18,7262.9,3631.45,10,149.81
192-50-3199,168587.94,118011.558,8429.4,6743.52,18544.67,17,6743.52,3371.76,2,139.10
324-90-4078,128093.48,89665.436,6404.67,5123.74,14090.28,15,5123.74,2561.87,8,105.69
494-47-8475,167629.2,117340.44,8381.46,6705.17,18439.21,5,6705.17,3352.58,7,138.31
251-65-4992,38090.46,26663.322,1904.52,1523.62,4189.95,16,1523.62,761.81,7,31.44
787-86-7382,48739.91,34117.937,2437,1949.6,5361.39,11,1949.6,974.8,4,40.21
580-46-3530,37868.37,26507.859,1893.42,1514.73,4165.52,19,1514.73,757.37,10,31.26
751-70-3991,36955.9,25869.13,1847.8,1478.24,4065.15,7,1478.24,739.12,1,30.50
717-88-3084,70109.99,49076.993,3505.5,2804.4,7712.1,19,2804.4,1402.2,10,57.86
211-99-2561,53837.31,37686.117,2691.87,2153.49,5922.1,18,2153.49,1076.75,8,44.43
895-09-7414,41922.58,29345.806,2096.13,1676.9,4611.48,5,1676.9,838.45,7,34.60
325-53-1251,121536.15,85075.305,6076.81,4861.45,13368.98,20,4861.45,2430.72,1,100.28
373-52-5906,97742.52,68419.764,4887.13,3909.7,10751.68,8,3909.7,1954.85,6,80.65
383-17-9722,131585.77,92110.039,6579.29,5263.43,14474.43,18,5263.43,2631.72,2,108.57
110-28-0674,87645.65,61351.955,4382.28,3505.83,9641.02,12,3505.83,1752.91,0,72.31
193-56-3595,143594.28,100515.996,7179.71,5743.77,15795.37,16,5743.77,2871.89,3,118.47
506-70-6802,58854.55,41198.185,2942.73,2354.18,6474,2,2354.18,1177.09,1,48.58
190-27-5331,169535.35,118674.745,8476.77,6781.41,18648.89,10,6781.41,3390.71,10,139.87
151-96-7538,64149.69,44904.783,3207.48,2565.99,7056.47,17,2565.99,1282.99,1,52.93
467-38-1171,150967.27,105677.089,7548.36,6038.69,16606.4,9,6038.69,3019.35,10,124.56
203-33-9753,94436.93,66105.851,4721.85,3777.48,10388.06,1,3777.48,1888.74,8,77.94
185-39-8015,74218.29,51952.803,3710.91,2968.73,8164.01,13,2968.73,1484.37,6,61.23
313-08-9678,178579.26,125005.482,8928.96,7143.17,19643.72,11,7143.17,3571.59,4,147.33
602-11-7100,131166.78,91816.746,6558.34,5246.67,14428.35,14,5246.67,2623.34,6,108.22
453-82-0553,76158.33,53310.831,3807.92,3046.33,8377.42,15,3046.33,1523.17,8,62.84
843-08-7046,53249.47,37274.629,2662.47,2129.98,5857.44,7,2129.98,1064.99,3,43.94
150-21-3930,161203.23,112842.261,8060.16,6448.13,17732.36,18,6448.13,3224.06,7,133.01
781-91-5379,184297.78,129008.446,9214.89,7371.91,20272.76,13,7371.91,3685.96,5,152.05
606-17-5760,77331.7,54132.19,3866.59,3093.27,8506.49,5,3093.27,1546.63,0,63.81
135-71-4371,101243.84,70870.688,5062.19,4049.75,11136.82,13,4049.75,2024.88,3,83.53
888-51-6281,109759.51,76831.657,5487.98,4390.38,12073.55,5,4390.38,2195.19,0,90.57
273-12-4359,146676.49,102673.543,7333.82,5867.06,16134.41,17,5867.06,2933.53,3,121.02
202-56-1568,105758.89,74031.223,5287.94,4230.36,11633.48,9,4230.36,2115.18,7,87.26
548-40-3319,33395.03,23376.521,1669.75,1335.8,3673.45,8,1335.8,667.9,2,27.56
424-85-6288,35705.12,24993.584,1785.26,1428.2,3927.56,10,1428.2,714.1,10,29.46
823-16-8935,49328.16,34529.712,2466.41,1973.13,5426.1,13,1973.13,986.56,2,40.70
391-65-1832,56398.72,39479.104,2819.94,2255.95,6203.86,18,2255.95,1127.97,4,46.54
743-45-9060,175176.09,122623.263,8758.8,7007.04,19269.37,18,7007.04,3503.52,3,144.53
530-29-7473,89828.07,62879.649,4491.4,3593.12,9881.09,19,3593.12,1796.56,4,74.12
592-83-5922,115494.8,80846.36,5774.74,4619.79,12704.43,10,4619.79,2309.9,3,95.29
513-31-9742,191197.47,133838.229,9559.87,7647.9,21031.72,14,7647.9,3823.95,1,157.74
844-71-4538,85475.9,59833.13,4273.8,3419.04,9402.35,11,3419.04,1709.52,10,70.52
268-50-0737,199807,139864.9,9990.35,7992.28,21978.77,7,7992.28,3996.14,5,164.85
601-64-0800,196298.38,137408.866,9814.92,7851.94,21592.82,17,7851.94,3925.97,3,161.96
472-04-3327,153265.41,107285.787,7663.27,6130.62,16859.2,20,6130.62,3065.31,3,126.46
404-49-8509,73697.69,51588.383,3684.88,2947.91,8106.75,14,2947.91,1473.95,4,60.81
129-13-2000,25293.28,17705.296,1264.66,1011.73,2782.26,14,1011.73,505.87,6,20.87
431-81-7853,86272.45,60390.715,4313.62,3450.9,9489.97,6,3450.9,1725.45,9,71.19
492-44-7332,189095.06,132366.542,9454.75,7563.8,20800.46,13,7563.8,3781.9,9,156.01
873-58-9689,77931.9,54552.33,3896.6,3117.28,8572.51,6,3117.28,1558.64,7,64.31
152-89-1103,20644.45,14451.115,1032.22,825.78,2270.89,6,825.78,412.89,3,17.04
615-80-7068,136438.43,95506.901,6821.92,5457.54,15008.23,19,5457.54,2728.77,3,112.58
899-82-0144,188435.02,131904.514,9421.75,7537.4,20727.85,6,7537.4,3768.7,1,155.47
470-53-0897,137839.72,96487.804,6891.99,5513.59,15162.37,10,5513.59,2756.79,6,113.72
595-17-2729,95955.36,67168.752,4797.77,3838.21,10555.09,17,3838.21,1919.11,9,79.18
811-30-9692,25878.47,18114.929,1293.92,1035.14,2846.63,12,1035.14,517.57,7,21.35
554-61-1993,169061.63,118343.141,8453.08,6762.47,18596.78,4,6762.47,3381.23,4,139.49
209-82-9382,31270.85,21889.595,1563.54,1250.83,3439.79,15,1250.83,625.42,4,25.81
665-63-5935,36659.56,25661.692,1832.98,1466.38,4032.55,19,1466.38,733.19,6,30.26
837-47-2160,104184.09,72928.863,5209.2,4167.36,11460.25,12,4167.36,2083.68,2,85.95
641-24-3292,141104.31,98773.017,7055.22,5644.17,15521.47,15,5644.17,2822.09,7,116.42
183-63-5022,65846.29,46092.403,3292.31,2633.85,7243.09,5,2633.85,1316.93,10,54.34
761-56-6331,85006.22,59504.354,4250.31,3400.25,9350.68,18,3400.25,1700.12,6,70.14
645-08-6914,164829.01,115380.307,8241.45,6593.16,18131.19,7,6593.16,3296.58,1,135.99
545-07-0885,129731.23,90811.861,6486.56,5189.25,14270.44,11,5189.25,2594.62,10,107.03
124-97-7216,107029.43,74920.601,5351.47,4281.18,11773.24,1,4281.18,2140.59,5,88.32
389-63-9822,39736.04,27815.228,1986.8,1589.44,4370.96,10,1589.44,794.72,0,32.79
332-16-2019,106462.49,74523.743,5323.12,4258.5,11710.87,18,4258.5,2129.25,6,87.85
106-82-9003,64342.01,45039.407,3217.1,2573.68,7077.62,3,2573.68,1286.84,9,53.10
836-29-0100,133091.05,93163.735,6654.55,5323.64,14640.02,18,5323.64,2661.82,0,109.81
443-29-8463,69386.28,48570.396,3469.31,2775.45,7632.49,13,2775.45,1387.73,3,57.25
442-63-2299,140436.08,98305.256,7021.8,5617.44,15447.97,15,5617.44,2808.72,2,115.87
324-75-8283,75979.6,53185.72,3798.98,3039.18,8357.76,16,3039.18,1519.59,4,62.69
881-85-3665,121010.73,84707.511,6050.54,4840.43,13311.18,11,4840.43,2420.21,7,99.84
244-14-8288,157491.34,110243.938,7874.57,6299.65,17324.05,9,6299.65,3149.83,2,129.94
299-75-4444,95960.01,67172.007,4798,3838.4,10555.6,2,3838.4,1919.2,7,79.19
253-91-2039,43940.46,30758.322,2197.02,1757.62,4833.45,5,1757.62,878.81,5,36.27
321-13-3127,162627.54,113839.278,8131.38,6505.1,17889.03,11,6505.1,3252.55,0,134.17
217-32-6079,154501.42,108150.994,7725.07,6180.06,16995.16,10,6180.06,3090.03,7,127.47
830-44-4101,64481.49,45137.043,3224.07,2579.26,7092.96,15,2579.26,1289.63,8,53.21
543-29-5998,134417.06,94091.942,6720.85,5376.68,14785.88,13,5376.68,2688.34,1,110.90
524-28-4003,165603.37,115922.359,8280.17,6624.13,18216.37,19,6624.13,3312.07,9,136.64
182-87-0920,86052.56,60236.792,4302.63,3442.1,9465.78,13,3442.1,1721.05,6,71.00
834-68-3191,116039.73,81227.811,5801.99,4641.59,12764.37,11,4641.59,2320.79,9,95.74
711-68-8981,87705.19,61393.633,4385.26,3508.21,9647.57,11,3508.21,1754.1,10,72.36
502-49-3276,96760.01,67732.007,4838,3870.4,10643.6,5,3870.4,1935.2,0,79.84
270-76-4825,153072.23,107150.561,7653.61,6122.89,16837.95,15,6122.89,3061.44,6,126.29
113-96-4627,48723.69,34106.583,2436.18,1948.95,5359.61,15,1948.95,974.47,1,40.20
614-07-9913,106457.31,74520.117,5322.87,4258.29,11710.3,16,4258.29,2129.15,5,87.84
273-89-0030,139328.04,97529.628,6966.4,5573.12,15326.08,1,5573.12,2786.56,0,114.97
258-03-4759,123815.03,86670.521,6190.75,4952.6,13619.65,11,4952.6,2476.3,4,102.15
555-74-5914,127910.11,89537.077,6395.51,5116.4,14070.11,12,5116.4,2558.2,1,105.53
769-09-6746,56638.78,39647.146,2831.94,2265.55,6230.27,16,2265.55,1132.78,7,46.74
873-64-6629,22200.73,15540.511,1110.04,888.03,2442.08,17,888.03,444.01,10,18.33
576-60-0141,97756.92,68429.844,4887.85,3910.28,10753.26,14,3910.28,1955.14,5,80.66
849-55-1000,65863.68,46104.576,3293.18,2634.55,7245,18,2634.55,1317.27,9,54.35
529-60-9983,67212.65,47048.855,3360.63,2688.51,7393.39,3,2688.51,1344.25,6,55.47
714-44-0636,93582.37,65507.659,4679.12,3743.29,10294.06,6,3743.29,1871.65,6,77.22
195-87-7803,65696.69,45987.683,3284.83,2627.87,7226.64,14,2627.87,1313.93,5,54.21
827-70-4178,54123.37,37886.359,2706.17,2164.93,5953.57,9,2164.93,1082.47,7,44.66
277-82-0955,79699.71,55789.797,3984.99,3187.99,8766.97,4,3187.99,1593.99,1,65.77
504-10-3149,43583.69,30508.583,2179.18,1743.35,4794.21,4,1743.35,871.67,6,35.97
258-11-3668,148658.86,104061.202,7432.94,5946.35,16352.47,14,5946.35,2973.18,9,122.65
605-26-9572,146717.21,102702.047,7335.86,5868.69,16138.89,15,5868.69,2934.34,8,121.05
540-46-8694,151644.96,106151.472,7582.25,6065.8,16680.95,17,6065.8,3032.9,5,125.12
520-42-1963,137024.2,95916.94,6851.21,5480.97,15072.66,8,5480.97,2740.48,7,113.06
750-12-2770,96479.98,67535.986,4824,3859.2,10612.8,19,3859.2,1929.6,7,79.61
623-84-4932,74350.8,52045.56,3717.54,2974.03,8178.59,16,2974.03,1487.02,8,61.35
830-36-0615,194569.96,136198.972,9728.5,7782.8,21402.7,17,7782.8,3891.4,8,160.53
889-31-2206,32822.49,22975.743,1641.12,1312.9,3610.47,19,1312.9,656.45,10,27.10
545-07-6926,148744.28,104120.996,7437.21,5949.77,16361.87,13,5949.77,2974.89,3,122.72
177-03-6051,52836.88,36985.816,2641.84,2113.48,5812.06,2,2113.48,1056.74,2,43.61
123-07-3061,193360.25,135352.175,9668.01,7734.41,21269.63,15,7734.41,3867.21,8,159.53
199-32-9596,161625.89,113138.123,8081.29,6465.04,17778.85,11,6465.04,3232.52,5,133.35
537-81-3844,63334.5,44334.15,3166.73,2533.38,6966.8,6,2533.38,1266.69,2,52.26
701-09-8034,43297.06,30307.942,2164.85,1731.88,4762.68,7,1731.88,865.94,8,35.73
805-86-4981,124598,87218.6,6229.9,4983.92,13705.78,18,4983.92,2491.96,2,102.81
164-62-0864,117009.34,81906.538,5850.47,4680.37,12871.03,17,4680.37,2340.19,1,96.54
555-49-0367,132538.9,92777.23,6626.95,5301.56,14579.28,17,5301.56,2650.78,9,109.36
447-77-7417,127531.97,89272.379,6376.6,5101.28,14028.52,1,5101.28,2550.64,0,105.24
865-73-1884,168107.5,117675.25,8405.38,6724.3,18491.83,6,6724.3,3362.15,8,138.70
873-69-7312,137814.62,96470.234,6890.73,5512.58,15159.61,1,5512.58,2756.29,0,113.72
851-06-8816,87620.28,61334.196,4381.01,3504.81,9638.23,1,3504.81,1752.41,7,72.31
496-88-1873,22744.42,15921.094,1137.22,909.78,2501.89,9,909.78,454.89,0,18.77
533-14-0286,39899.88,27929.916,1994.99,1596,4388.99,1,1596,798,10,32.94
867-93-4453,67033.19,46923.233,3351.66,2681.33,7373.65,8,2681.33,1340.66,10,55.31
594-93-7129,63121.97,44185.379,3156.1,2524.88,6943.42,5,2524.88,1262.44,2,52.09
132-89-5737,65948.48,46163.936,3297.42,2637.94,7254.33,1,2637.94,1318.97,4,54.43
764-65-2236,80768.18,56537.726,4038.41,3230.73,8884.5,20,3230.73,1615.36,3,66.65
452-51-7540,72838.44,50986.908,3641.92,2913.54,8012.23,9,2913.54,1456.77,0,60.10
103-87-6019,52396.66,36677.662,2619.83,2095.87,5763.63,2,2095.87,1047.93,5,43.25
521-75-8902,31081.76,21757.232,1554.09,1243.27,3418.99,6,1243.27,621.64,2,25.66
538-62-1223,111791.18,78253.826,5589.56,4471.65,12297.03,19,4471.65,2235.82,2,92.24
578-99-0034,43022.44,30115.708,2151.12,1720.9,4732.47,7,1720.9,860.45,0,35.50
824-03-2298,79205.77,55444.039,3960.29,3168.23,8712.63,16,3168.23,1584.12,3,65.35
118-87-2614,193749.33,135624.531,9687.47,7749.97,21312.43,9,7749.97,3874.99,6,159.85
622-60-8770,154620.28,108234.196,7731.01,6184.81,17008.23,2,6184.81,3092.41,5,127.58
578-76-7162,175305.97,122714.179,8765.3,7012.24,19283.66,20,7012.24,3506.12,5,144.65
270-28-7512,54823.12,38376.184,2741.16,2192.92,6030.54,20,2192.92,1096.46,2,45.25
785-31-9335,114306.11,80014.277,5715.31,4572.24,12573.67,17,4572.24,2286.12,7,94.32
476-55-7289,29472.82,20630.974,1473.64,1178.91,3242.01,8,1178.91,589.46,10,24.33
877-61-8759,87910.43,61537.301,4395.52,3516.42,9670.15,20,3516.42,1758.21,1,72.54
504-93-7588,138407.17,96885.019,6920.36,5536.29,15224.79,15,5536.29,2768.14,4,114.19
437-69-7457,66915.53,46840.871,3345.78,2676.62,7360.71,19,2676.62,1338.31,3,55.22
438-51-1619,77719.61,54403.727,3885.98,3108.78,8549.16,11,3108.78,1554.39,10,64.12
370-82-6833,97750.15,68425.105,4887.51,3910.01,10752.52,8,3910.01,1955,10,80.66
151-57-6392,33539.26,23477.482,1676.96,1341.57,3689.32,14,1341.57,670.79,6,27.68
770-79-7988,135361.13,94752.791,6768.06,5414.45,14889.72,6,5414.45,2707.22,3,111.69
693-64-7636,81192.6,56834.82,4059.63,3247.7,8931.19,6,3247.7,1623.85,4,67.00
312-04-3741,193073.55,135151.485,9653.68,7722.94,21238.09,11,7722.94,3861.47,7,159.29
527-71-0137,52306.79,36614.753,2615.34,2092.27,5753.75,8,2092.27,1046.14,9,43.16
347-85-4527,166173.45,116321.415,8308.67,6646.94,18279.08,14,6646.94,3323.47,8,137.10
515-36-4152,150459.19,105321.433,7522.96,6018.37,16550.51,19,6018.37,3009.18,5,124.14
447-73-5967,42205.6,29543.92,2110.28,1688.22,4642.62,10,1688.22,844.11,10,34.83
226-59-8851,27722.88,19406.016,1386.14,1108.92,3049.52,16,1108.92,554.46,3,22.88
739-17-4672,151080.81,105756.567,7554.04,6043.23,16618.89,5,6043.23,3021.62,0,124.66
712-86-5644,100522.77,70365.939,5026.14,4020.91,11057.5,15,4020.91,2010.46,9,82.94
205-86-9457,94503.68,66152.576,4725.18,3780.15,10395.4,1,3780.15,1890.07,2,77.99
116-06-0398,179659.77,125761.839,8982.99,7186.39,19762.57,9,7186.39,3593.2,10,148.23
662-22-6978,48114.24,33679.968,2405.71,1924.57,5292.57,14,1924.57,962.28,10,39.70
360-16-7951,190556.01,133389.207,9527.8,7622.24,20961.16,9,7622.24,3811.12,3,157.22
701-07-5591,75208.93,52646.251,3760.45,3008.36,8272.98,8,3008.36,1504.18,8,62.06
577-26-9575,101150.09,70805.063,5057.5,4046,11126.51,5,4046,2023,1,83.46
221-09-4531,97539.37,68277.559,4876.97,3901.57,10729.33,5,3901.57,1950.79,3,80.49
556-38-8051,95051.09,66535.763,4752.55,3802.04,10455.62,20,3802.04,1901.02,7,78.44
448-12-2809,106313.34,74419.338,5315.67,4252.53,11694.47,1,4252.53,2126.27,6,87.73
620-01-0297,191004.59,133703.213,9550.23,7640.18,21010.5,19,7640.18,3820.09,5,157.59
670-91-4349,101949.97,71364.979,5097.5,4078,11214.5,17,4078,2039,0,84.12
797-77-3099,97692.84,68384.988,4884.64,3907.71,10746.21,4,3907.71,1953.86,7,80.62
782-45-9981,151137.6,105796.32,7556.88,6045.5,16625.14,12,6045.5,3022.75,3,124.69
723-38-6457,157926.6,110548.62,7896.33,6317.06,17371.93,12,6317.06,3158.53,2,130.29
539-84-4291,45402.74,31781.918,2270.14,1816.11,4994.3,9,1816.11,908.05,2,37.46
667-85-6949,135002.19,94501.533,6750.11,5400.09,14850.24,10,5400.09,2700.04,10,111.38
773-07-7036,137553.39,96287.373,6877.67,5502.14,15130.87,8,5502.14,2751.07,0,113.49
745-40-3540,146665.56,102665.892,7333.28,5866.62,16133.21,19,5866.62,2933.31,7,121.02
759-41-8167,125511.21,87857.847,6275.56,5020.45,13806.23,7,5020.45,2510.22,3,103.56
291-98-8724,166685.04,116679.528,8334.25,6667.4,18335.35,8,6667.4,3333.7,1,137.52
183-17-9122,20115.71,14080.997,1005.79,804.63,2212.73,14,804.63,402.31,9,16.60
237-89-8091,26673.67,18671.569,1333.68,1066.95,2934.1,5,1066.95,533.47,3,22.02
711-52-6344,98082.04,68657.428,4904.1,3923.28,10789.02,11,3923.28,1961.64,9,80.92
589-73-0183,33151.13,23205.791,1657.56,1326.05,3646.62,6,1326.05,663.02,3,27.36
438-49-1509,92683.04,64878.128,4634.15,3707.32,10195.13,15,3707.32,1853.66,10,76.47
306-37-9255,42796.17,29957.319,2139.81,1711.85,4707.58,14,1711.85,855.92,6,35.31
494-70-8243,193593.04,135515.128,9679.65,7743.72,21295.23,1,7743.72,3871.86,1,159.74
197-72-7370,186126.71,130288.697,9306.34,7445.07,20473.94,7,7445.07,3722.53,6,153.57
882-90-0870,165119.66,115583.762,8255.98,6604.79,18163.16,16,6604.79,3302.39,0,136.23
472-93-9619,67530.89,47271.623,3376.54,2701.24,7428.4,3,2701.24,1350.62,6,55.73
677-57-0543,131524.62,92067.234,6576.23,5260.98,14467.71,16,5260.98,2630.49,3,108.52
738-09-9095,185927.62,130149.334,9296.38,7437.1,20452.04,19,7437.1,3718.55,10,153.41
420-59-1333,153398.01,107378.607,7669.9,6135.92,16873.78,9,6135.92,3067.96,0,126.56
296-14-4615,26079.19,18255.433,1303.96,1043.17,2868.71,3,1043.17,521.58,1,21.53
677-51-6289,63117.55,44182.285,3155.88,2524.7,6942.93,18,2524.7,1262.35,7,52.09
626-83-7786,135047.22,94533.054,6752.36,5401.89,14855.19,19,5401.89,2700.94,1,111.43
799-70-1586,100545.55,70381.885,5027.28,4021.82,11060.01,14,4021.82,2010.91,5,82.96
463-22-7198,198438.4,138906.88,9921.92,7937.54,21828.22,11,7937.54,3968.77,5,163.72
338-83-0333,122742.51,85919.757,6137.13,4909.7,13501.68,12,4909.7,2454.85,8,101.27
292-32-2113,23375.45,16362.815,1168.77,935.02,2571.3,20,935.02,467.51,3,19.30
874-89-7666,133301.26,93310.882,6665.06,5332.05,14663.14,19,5332.05,2666.03,9,109.99
425-98-1688,35084.64,24559.248,1754.23,1403.39,3859.31,19,1403.39,701.69,4,28.96
596-10-0187,48311.33,33817.931,2415.57,1932.45,5314.25,1,1932.45,966.23,10,39.88
615-72-8723,80072.33,56050.631,4003.62,3202.89,8807.96,8,3202.89,1601.45,5,66.07
333-66-0570,20581.05,14406.735,1029.05,823.24,2263.92,13,823.24,411.62,9,16.98
267-36-1194,166585.34,116609.738,8329.27,6663.41,18324.39,4,6663.41,3331.71,4,137.45
487-26-4286,57219.6,40053.72,2860.98,2288.78,6294.16,20,2288.78,1144.39,0,47.22
632-43-0728,128980.65,90286.455,6449.03,5159.23,14187.87,13,5159.23,2579.61,2,106.41
715-63-8780,58296.88,40807.816,2914.84,2331.88,6412.66,2,2331.88,1165.94,3,48.12
412-87-5302,48799.65,34159.755,2439.98,1951.99,5367.96,17,1951.99,975.99,4,40.27
618-06-0191,188460.98,131922.686,9423.05,7538.44,20730.71,3,7538.44,3769.22,0,155.50
712-54-4168,191236.89,133865.823,9561.84,7649.48,21036.06,18,7649.48,3824.74,8,157.79
483-82-7755,31549.04,22084.328,1577.45,1261.96,3470.39,20,1261.96,630.98,7,26.05
484-88-9224,42730.79,29911.553,2136.54,1709.23,4700.39,12,1709.23,854.62,4,35.25
621-34-5264,98014.67,68610.269,4900.73,3920.59,10781.61,15,3920.59,1960.29,3,80.87
158-80-9540,28257.9,19780.53,1412.9,1130.32,3108.37,16,1130.32,565.16,9,23.32
749-95-3173,178802.04,125161.428,8940.1,7152.08,19668.22,19,7152.08,3576.04,4,147.53
410-61-8578,48806.35,34164.445,2440.32,1952.25,5368.7,18,1952.25,976.13,2,40.28
784-40-0431,164912.11,115438.477,8245.61,6596.48,18140.33,13,6596.48,3298.24,7,136.06
140-76-0311,190529.37,133370.559,9526.47,7621.17,20958.23,18,7621.17,3810.59,4,157.20
667-26-8163,173621.12,121534.784,8681.06,6944.84,19098.32,8,6944.84,3472.42,5,143.25
615-78-4484,112029.19,78420.433,5601.46,4481.17,12323.21,13,4481.17,2240.58,1,92.43
430-27-2899,150736.06,105515.242,7536.8,6029.44,16580.97,2,6029.44,3014.72,2,124.38
755-19-5143,118157.01,82709.907,5907.85,4726.28,12997.27,19,4726.28,2363.14,10,97.50
356-77-4221,197987.64,138591.348,9899.38,7919.51,21778.64,15,7919.51,3959.75,3,163.35
112-21-3307,20942.32,14659.624,1047.12,837.69,2303.66,1,837.69,418.85,0,17.30
715-54-1544,185582.8,129907.96,9279.14,7423.31,20414.11,20,7423.31,3711.66,4,153.12
275-59-1270,197546.16,138282.312,9877.31,7901.85,21730.08,11,7901.85,3950.92,8,162.98
490-21-2853,88789.42,62152.594,4439.47,3551.58,9766.84,2,3551.58,1775.79,6,73.27
733-67-8569,176461.02,123522.714,8823.05,7058.44,19410.71,11,7058.44,3529.22,3,145.58
630-40-7221,98498.54,68948.978,4924.93,3939.94,10834.84,9,3939.94,1969.97,2,81.27
617-43-7561,153855.72,107699.004,7692.79,6154.23,16924.13,7,6154.23,3077.11,10,126.94
264-67-3688,33889.23,23722.461,1694.46,1355.57,3727.82,11,1355.57,677.78,3,27.96
410-03-9733,36603.71,25622.597,1830.19,1464.15,4026.41,6,1464.15,732.07,6,30.21
157-57-7399,138960.12,97272.084,6948.01,5558.4,15285.61,10,5558.4,2779.2,10,114.65
590-76-4265,129198.42,90438.894,6459.92,5167.94,14211.83,20,5167.94,2583.97,2,106.61
566-86-3629,161732.62,113212.834,8086.63,6469.3,17790.59,2,6469.3,3234.65,1,133.45
229-13-1288,183786.76,128650.732,9189.34,7351.47,20216.54,8,7351.47,3675.74,1,151.63
350-80-4743,121384.12,84968.884,6069.21,4855.36,13352.25,16,4855.36,2427.68,5,100.15
159-49-0972,63874.77,44712.339,3193.74,2554.99,7026.22,11,2554.99,1277.5,10,52.70
171-06-0244,116445.94,81512.158,5822.3,4657.84,12809.05,2,4657.84,2328.92,10,96.09
127-83-8346,48715.5,34100.85,2435.78,1948.62,5358.71,12,1948.62,974.31,3,40.19
168-49-0814,173777.11,121643.977,8688.86,6951.08,19115.48,19,6951.08,3475.54,6,143.38
381-68-8275,43122.93,30186.051,2156.15,1724.92,4743.52,6,1724.92,862.46,2,35.59
757-76-1777,87221.91,61055.337,4361.1,3488.88,9594.41,7,3488.88,1744.44,3,71.97
586-11-7292,87347.78,61143.446,4367.39,3493.91,9608.26,3,3493.91,1746.96,2,72.08
777-95-8591,115223.81,80656.667,5761.19,4608.95,12674.62,15,4608.95,2304.48,6,95.07
415-28-9279,88480.52,61936.364,4424.03,3539.22,9732.86,4,3539.22,1769.61,10,73.02
573-56-8778,20199.46,14139.622,1009.97,807.98,2221.94,1,807.98,403.99,4,16.69
