EmpID,JobLevel,WorkingHours,PerformanceRating,WorkExperience,Working_years(samecompany),Years_Since_last_Promotion ,SalaryHike%,Overtime,DailyTravellingtime,PaidLeave,SickLeave,PaternityLeaveIndex,MaternityLeaveIndex,EqualPayIndex,WLB Score
619-51-3328,4,10,0,14,2,4,38,0,1,5,5,0,5,5,38.6
262-15-1956,4,9,1,39,19,9,43,4,1,7,1,0,5,2,34.1
388-46-9630,3,8,4,17,12,8,72,2,0,1,11,5,2,2,71.3
479-74-8924,1,12,1,32,24,5,85,0,3,1,7,0,2,4,66.5
527-37-4349,1,12,1,36,11,9,36,2,1,9,12,1,3,3,35.4
700-51-9763,0,11,3,11,13,13,34,3,1,4,9,1,3,1,27.1
722-12-5639,4,12,0,14,19,1,27,0,3,6,10,5,1,5,30.5
385-59-3162,5,9,0,32,15,16,74,3,1,12,7,2,3,0,62.2
394-32-2540,7,11,3,18,18,7,5,4,2,5,5,4,5,3,8.2
180-31-5192,6,12,1,19,13,3,7,0,1,12,10,0,5,3,19.7
833-29-6691,0,12,1,39,40,6,86,2,3,6,1,3,4,5,66.2
771-35-6044,2,8,1,39,18,8,46,4,1,8,7,1,5,2,43.9
484-62-6777,1,11,0,4,26,20,66,2,2,2,10,3,0,2,45.8
391-66-8668,1,11,3,5,24,3,25,2,3,10,7,5,0,1,25.9
245-83-6821,3,8,1,3,23,16,47,2,1,1,9,1,4,2,40
832-96-3986,1,12,4,17,29,15,99,3,2,10,11,5,0,1,82.2
114-30-8786,0,11,1,3,15,10,60,2,1,2,5,1,2,5,46.3
341-05-7098,2,11,5,19,28,4,70,0,0,3,1,3,2,2,62.1
872-44-3328,6,8,4,30,36,0,36,0,3,2,10,5,4,5,48.2
763-02-9977,2,9,1,2,7,4,13,4,0,12,12,1,2,4,25.5
751-95-8286,6,10,2,24,18,3,18,2,1,3,5,4,3,2,21.4
167-09-6640,2,10,4,8,42,5,85,3,0,4,3,2,5,3,74.9
728-69-7851,1,8,4,42,31,19,90,2,2,8,5,0,5,0,73.4
860-67-9453,5,11,0,33,2,18,86,0,1,3,8,2,5,1,68.4
287-66-3637,7,10,3,19,18,9,45,3,1,11,5,5,4,1,45.5
793-17-2650,1,8,1,27,34,14,33,4,2,10,8,2,2,0,28.1
783-02-1619,0,12,2,33,5,17,62,4,2,12,10,1,2,4,49.5
837-89-6622,1,12,2,9,6,9,17,2,2,10,6,0,0,5,14.5
453-24-4906,1,11,3,9,10,1,49,0,0,9,2,3,3,3,50.2
234-48-2595,7,9,1,38,16,1,19,0,2,12,4,3,0,4,28.3
362-04-1954,5,8,5,9,5,19,42,1,0,11,11,4,4,5,53.2
652-09-8808,3,12,4,8,35,15,2,1,2,5,11,5,5,2,8.1
223-66-4294,6,12,0,40,31,19,53,0,3,8,1,1,0,3,32.5
805-34-5337,6,9,0,10,28,15,69,0,2,1,0,4,3,1,50.5
269-65-6798,0,8,0,32,30,13,92,2,1,8,11,3,4,5,84.7
627-59-8025,5,10,1,4,20,13,28,1,3,11,12,5,2,1,30.9
774-85-9467,0,11,0,15,3,10,0,1,0,8,3,0,2,1,-1.5
489-93-5871,6,8,5,1,23,5,8,4,1,12,5,2,1,4,20.6
131-74-7701,0,12,3,21,31,19,5,1,3,2,1,5,5,4,-3.3
832-43-7275,2,11,5,35,22,11,89,4,0,2,9,4,5,0,76.2
110-64-9611,7,10,3,14,16,1,93,3,0,5,6,0,0,1,81.2
364-07-3857,6,12,5,17,12,10,88,4,0,0,11,2,5,2,76.2
379-44-6968,2,12,0,29,0,5,65,3,2,4,4,4,2,2,48.4
190-74-2766,0,12,0,22,4,2,9,2,1,4,6,5,0,0,6.7
851-75-4023,5,10,5,24,32,0,16,4,1,6,4,0,4,5,23.1
355-57-8632,4,8,2,4,24,6,30,2,2,12,1,1,4,2,31.4
692-32-4274,0,10,2,42,2,17,92,4,0,6,4,3,2,3,71.6
245-61-6029,0,10,0,25,7,10,49,0,2,6,2,5,0,5,39.9
184-35-0434,5,11,0,36,13,5,83,4,2,7,6,5,0,0,65.5
222-10-1304,0,11,2,14,8,19,54,1,3,3,3,5,0,1,33.5
753-48-5430,4,12,3,7,16,14,22,3,2,7,1,1,1,3,10.8
671-14-3552,2,10,2,9,13,11,59,3,0,8,2,1,1,3,47.7
305-30-3738,2,10,2,34,19,7,80,2,2,5,6,5,4,1,68.8
553-09-1005,4,9,2,0,26,11,78,0,0,9,4,0,4,5,73.1
121-78-4208,7,12,3,23,9,20,13,0,0,2,2,2,4,5,9.4
594-75-3711,7,9,4,8,18,7,70,2,0,11,11,0,1,0,70.9
467-85-3870,7,9,5,31,42,12,73,1,0,11,1,2,3,2,68.7
380-78-0274,0,11,4,20,0,6,70,0,1,2,0,0,1,1,53.5
483-97-6662,4,10,0,19,5,10,10,2,1,7,6,5,1,3,12.2
682-59-2742,5,12,1,36,9,1,62,0,3,11,7,2,4,2,58.3
717-75-7968,3,9,3,25,20,10,40,0,3,9,9,4,1,0,40.5
325-21-9619,5,10,2,14,39,1,76,3,2,1,3,0,2,5,62.2
664-46-5045,2,12,3,19,14,16,32,4,1,2,12,0,4,1,23.2
241-18-3696,6,12,5,10,1,7,2,3,0,12,7,0,2,3,11.7
734-60-4732,1,8,2,37,28,16,89,3,2,1,4,2,2,4,68.2
389-83-3341,6,9,5,41,29,2,25,4,0,10,11,0,1,0,35.3
722-99-4130,0,10,4,30,8,5,67,1,0,1,4,2,2,0,57.2
484-29-5794,5,10,5,15,9,7,46,2,3,4,0,2,3,1,36.2
644-78-6787,0,12,1,28,10,0,60,0,2,3,4,5,0,4,50.8
340-65-4320,2,9,2,21,33,18,93,3,2,6,0,3,0,0,65.6
421-96-9008,0,8,1,4,7,2,29,3,3,9,1,2,0,0,22.8
439-01-2577,1,8,3,25,2,7,55,0,2,10,12,3,0,1,58.9
356-65-9544,6,9,2,26,42,4,21,4,2,4,5,5,4,5,25
522-17-2473,6,11,3,23,38,9,62,0,1,7,6,1,0,0,53.5
846-21-3275,7,10,0,21,41,11,13,4,1,7,7,5,4,2,14.7
264-59-3547,1,8,4,21,29,6,84,0,2,8,2,3,0,1,74.4
289-37-8623,3,9,5,40,3,4,48,2,2,9,9,2,2,3,52.7
486-24-7101,3,12,2,15,12,19,76,4,2,12,0,3,0,3,51.9
572-76-6388,6,9,1,17,20,12,9,4,0,7,4,2,3,5,12
698-84-7290,5,11,1,20,22,17,24,2,1,3,2,1,5,4,14.8
125-28-6940,1,8,1,8,27,15,88,0,1,0,6,4,4,2,73.7
303-05-8271,5,9,0,30,12,2,64,2,0,4,12,5,2,1,64.9
478-06-4299,4,12,1,27,23,3,40,4,0,6,10,4,0,4,39.1
233-18-5047,5,12,0,19,18,20,14,2,3,1,2,4,2,1,-3.5
281-12-4721,0,10,4,7,29,3,63,3,3,10,7,1,0,0,54.3
290-09-2503,3,12,1,36,42,0,89,1,1,12,10,0,1,3,82.4
324-15-4305,5,10,4,11,33,5,18,3,2,6,5,3,1,2,19.5
739-82-8145,1,8,5,35,32,17,30,2,0,6,11,2,5,5,38.7
572-45-4226,1,11,2,9,0,15,26,2,2,6,5,3,0,3,17.4
128-55-4312,4,8,2,18,26,16,86,1,1,8,5,0,5,4,76
889-07-1040,6,9,5,26,5,6,44,2,2,7,7,0,4,2,45.9
805-60-2039,6,9,5,12,3,16,13,4,1,7,0,4,5,1,12.1
624-41-9651,6,9,0,15,6,6,59,0,2,10,5,1,4,3,56.6
420-70-7277,7,12,1,33,16,2,50,0,0,8,3,5,4,4,51.5
733-68-3802,7,10,5,13,1,6,81,3,3,6,5,5,2,5,73.4
221-47-2870,1,9,0,30,28,16,29,1,0,3,1,4,3,3,21.8
557-95-8752,2,12,0,32,11,8,35,3,0,7,10,2,2,1,30.6
679-20-3452,3,11,4,33,11,8,16,2,0,4,12,5,2,1,23.9
898-60-7927,5,9,0,12,6,2,60,1,1,5,5,2,2,1,54.5
582-02-0057,3,11,5,37,1,15,58,4,1,0,10,0,4,1,45.5
337-21-3249,6,12,2,3,28,10,7,2,0,3,11,2,0,5,11.5
689-53-0416,4,8,2,22,9,3,87,2,2,7,0,2,0,1,72.2
291-31-9214,2,8,0,5,26,17,24,1,1,0,3,4,5,4,19.3
103-48-8949,2,9,4,1,15,10,62,0,1,6,11,0,5,2,63
393-74-2259,2,11,1,30,12,7,41,0,0,3,12,0,4,0,40.2
277-86-5108,7,9,4,2,18,17,63,3,1,3,10,4,1,1,55.2
808-66-7639,6,8,2,34,31,15,41,4,1,8,2,4,5,1,35.7
205-19-2596,4,8,4,29,4,16,14,1,1,5,4,3,3,3,17.7
311-37-2045,0,8,4,0,13,3,42,4,2,5,6,0,2,1,38.4
618-74-1973,0,12,4,36,13,17,76,0,1,6,7,4,2,3,63.7
298-55-8193,6,8,1,17,23,4,7,3,0,3,12,4,0,1,17.6
439-53-6005,2,10,5,40,36,15,96,0,3,12,5,4,2,1,82.9
606-76-6531,5,11,3,38,12,13,97,1,1,3,4,4,5,5,82.4
487-77-2868,6,11,2,33,0,18,10,0,0,10,4,2,0,4,11.5
140-69-2133,0,9,5,38,37,20,43,3,0,12,9,3,0,3,42.9
826-96-7247,6,8,0,39,17,6,73,3,1,2,3,5,0,0,59
557-85-2983,4,11,2,18,16,2,74,0,2,5,3,1,3,4,64.5
301-58-0029,0,12,2,3,39,10,3,2,3,7,12,2,2,4,5.7
550-32-7846,3,12,4,24,8,10,22,1,1,1,4,2,4,0,16.3
716-64-8832,1,8,0,28,10,8,15,1,0,10,8,1,0,0,20.2
871-34-7288,5,10,2,29,16,13,95,0,2,5,4,2,5,3,79.5
346-39-9147,4,8,3,21,26,15,84,0,1,5,10,0,3,3,77.3
469-89-3373,1,9,2,7,38,5,43,0,1,11,8,2,4,1,48.5
808-09-3486,6,8,0,15,40,4,51,4,1,7,5,0,4,2,46.7
835-57-2153,6,10,5,11,28,5,42,0,3,0,2,2,5,2,37.6
556-17-0259,1,10,1,35,16,6,13,4,0,1,10,0,1,3,12.6
709-87-6101,1,9,0,30,7,4,78,1,1,11,2,2,2,5,70.7
742-02-4596,6,8,4,1,15,20,61,2,2,4,2,2,5,3,49.7
545-89-5710,1,8,3,41,25,18,33,3,2,2,7,1,0,5,25.3
164-79-4017,5,8,1,29,2,3,24,0,2,3,9,4,2,5,33.3
428-87-6767,3,8,4,3,19,3,46,0,3,7,7,3,4,2,51.1
541-44-6686,7,10,4,42,25,6,28,4,2,8,11,5,4,0,34.1
769-36-0601,0,10,5,32,40,15,50,3,3,10,0,5,1,5,39.8
223-53-5667,7,12,2,7,10,9,30,1,3,9,2,3,4,3,25.3
422-06-7284,0,10,4,24,11,0,13,1,2,8,5,3,1,5,22
511-77-4543,7,9,0,34,14,15,95,0,1,7,3,5,2,0,78.4
468-80-7819,0,12,1,29,3,17,55,1,3,5,11,2,1,0,38.5
762-45-5216,6,8,4,10,21,17,94,3,1,8,6,4,1,2,81.7
685-17-7402,3,8,1,33,7,11,79,0,3,6,7,3,2,3,69.4
371-87-3589,3,10,0,9,34,13,72,3,1,10,12,3,3,1,64.1
860-68-0820,4,9,4,18,34,4,98,0,2,12,8,3,3,5,97.8
497-80-7871,5,11,5,3,36,16,56,3,3,7,5,3,0,2,42.4
490-08-3512,2,10,4,3,38,0,19,0,2,9,6,1,5,4,30.4
708-21-2170,3,9,0,39,26,9,20,4,0,1,12,3,1,3,21.2
555-32-3546,3,10,2,22,18,10,31,1,3,2,4,5,5,2,25.9
339-01-1484,6,8,5,34,38,0,44,1,3,1,8,2,3,4,49.2
511-53-3547,3,9,5,12,13,12,20,4,2,7,0,3,0,5,16.5
597-50-1267,0,12,5,37,25,8,5,2,3,0,5,3,4,3,2.6
345-96-5039,3,12,3,39,31,16,22,4,3,1,5,0,0,2,4.6
530-72-0362,2,10,2,27,26,5,77,1,0,7,8,4,5,5,77.1
368-25-5168,0,8,0,1,37,12,7,0,0,11,1,4,2,1,11.3
403-76-2228,1,8,2,40,5,9,29,2,1,3,11,0,4,1,31
200-52-6696,1,9,4,7,29,16,91,0,3,2,12,1,4,5,80.4
288-15-3288,7,11,1,6,8,19,59,1,0,3,11,5,0,2,50.2
774-13-5170,4,11,1,24,32,13,1,4,0,3,7,3,5,0,-0.2
891-93-3002,5,8,5,13,5,15,42,3,0,10,4,3,0,4,43.1
781-89-2678,0,8,4,6,21,20,41,1,3,12,0,5,3,3,35.3
785-53-8498,6,8,5,5,11,13,80,0,3,6,7,4,0,1,72.1
248-96-0005,1,9,0,37,32,7,65,0,1,6,5,0,3,5,58.7
409-09-7952,7,12,5,25,25,14,14,1,1,4,0,5,0,0,8.1
729-11-0760,3,9,1,36,41,16,78,0,0,7,12,5,4,3,76.1
402-14-2441,4,12,1,2,17,15,98,2,2,6,6,5,1,3,76
547-43-3191,4,9,2,35,10,3,93,1,0,5,9,1,5,1,88
714-34-1163,2,12,2,37,9,18,34,2,3,5,10,0,4,4,24.3
796-40-3771,6,11,4,29,22,17,66,4,0,1,1,1,0,4,46
445-07-0989,3,12,4,30,37,10,4,0,3,0,1,1,2,4,-2
439-58-6795,1,12,1,10,12,5,80,4,1,9,7,0,0,3,64
331-27-4655,7,11,4,20,25,8,39,2,2,2,0,0,2,0,26
817-40-4786,3,12,2,34,24,11,98,3,1,8,5,4,3,0,78
182-52-0176,2,9,5,30,24,3,56,1,3,2,2,5,1,1,48.9
165-06-2401,7,12,5,1,12,10,95,0,1,5,7,4,4,1,84.7
801-83-1506,2,10,3,3,23,19,10,1,2,6,5,0,3,0,4.4
294-26-7671,3,12,3,24,12,20,64,0,1,7,4,3,2,3,50.1
640-78-3602,1,8,5,11,16,9,76,4,1,12,2,2,5,2,70.1
713-38-9733,5,8,4,39,32,9,20,3,3,1,10,2,3,4,23.6
831-09-8162,5,9,5,14,32,12,69,3,3,2,9,2,1,4,59.4
829-19-2408,0,12,2,16,36,20,4,3,1,10,12,0,4,0,2.4
723-06-2076,7,11,4,26,17,6,30,4,1,11,10,2,3,2,35.7
640-01-7055,3,11,2,12,4,0,8,1,2,0,1,0,0,2,2.9
714-35-4189,5,10,3,26,40,13,24,4,3,12,0,0,3,2,15.7
897-37-4431,4,8,0,33,31,7,1,1,0,1,4,3,5,4,8.8
811-86-7613,6,12,3,25,13,20,70,1,1,10,8,1,3,3,59.1
368-12-6826,4,12,2,3,39,7,90,3,0,2,0,4,1,3,68.7
536-38-7607,3,11,1,35,33,14,33,4,0,3,9,4,5,0,26.8
422-35-8487,4,12,0,36,15,10,39,0,2,3,7,3,0,2,29
588-02-8026,1,8,2,17,4,15,88,2,1,11,10,1,1,0,77.3
677-10-6833,5,12,3,30,9,5,97,2,2,8,7,4,2,1,83.1
385-81-8581,3,8,4,26,17,12,12,3,0,11,4,4,0,2,18.8
173-70-1880,2,10,0,26,28,18,15,1,0,3,0,0,1,0,1.9
828-61-6082,7,11,0,29,37,10,35,3,2,8,7,4,4,2,30.9
651-62-5522,5,12,4,8,32,19,90,2,1,0,11,4,2,4,73.5
549-19-6100,4,9,2,21,34,13,93,4,3,5,1,4,5,3,72
296-07-8199,7,8,2,14,35,4,62,2,1,9,5,5,2,4,64.4
640-06-5483,0,10,3,42,20,5,98,2,3,11,12,5,4,4,93.6
847-11-1552,0,10,4,19,38,15,40,3,0,3,10,4,2,1,36.3
556-51-1847,3,11,3,30,41,2,30,3,1,7,10,1,0,1,31.1
374-15-6121,2,12,2,32,33,4,59,3,0,6,5,1,1,0,47.3
849-63-1875,0,9,3,10,34,1,74,2,2,4,1,2,3,0,61.2
572-22-3824,1,10,2,32,25,7,15,0,2,7,7,0,1,4,18
804-42-1778,3,9,3,24,32,16,65,2,3,9,12,5,4,2,61.5
803-88-5844,5,9,5,14,9,8,28,4,1,12,11,4,5,4,41.7
827-96-4253,0,9,4,27,18,12,0,0,1,1,5,4,0,5,5.5
492-71-3099,5,12,3,24,41,12,80,0,2,3,8,0,3,3,65.6
700-05-5703,1,9,4,16,32,10,40,0,3,8,0,2,1,4,34.7
760-72-6455,6,10,3,35,32,1,49,2,3,6,1,4,2,4,44.6
554-21-4563,3,8,1,9,7,15,48,3,0,2,0,2,1,3,34.6
186-74-5445,1,8,5,25,17,6,81,2,0,12,3,2,2,4,79.7
452-70-5102,0,12,0,16,32,0,65,2,2,7,5,0,4,3,53.5
488-61-6938,0,12,1,9,35,17,2,3,3,3,5,3,5,0,-9.1
478-18-0264,0,8,1,3,2,2,98,0,0,12,0,0,1,0,86.2
332-38-5774,0,8,2,23,20,17,6,2,2,11,0,3,0,1,2.2
413-94-4324,2,12,4,29,38,20,100,4,1,12,11,0,3,3,82.6
531-95-0107,7,8,2,9,9,18,90,0,1,5,6,0,1,2,75.4
722-61-6415,2,9,2,22,22,16,29,4,2,8,3,5,4,0,21.5
442-55-1713,1,12,1,16,22,8,18,4,2,6,5,4,4,0,10.7
287-81-2079,4,9,1,1,20,15,77,4,0,5,9,4,2,4,67
108-46-8846,2,12,2,13,0,11,62,0,2,12,10,1,0,1,54.2
838-54-6923,4,12,1,15,5,4,72,4,1,10,9,0,1,3,61.8
290-63-7823,0,11,1,33,18,11,45,1,2,6,1,5,5,0,33.3
568-91-6935,0,9,2,30,9,7,38,2,1,8,6,2,4,1,37.6
869-95-4101,2,10,5,36,13,20,7,2,2,11,11,2,3,0,11.4
228-54-4036,2,11,0,34,18,10,50,0,3,5,8,0,0,0,36
838-48-8787,4,8,0,4,33,7,31,2,3,1,4,4,2,0,23.2
849-04-6188,6,9,2,17,0,9,74,4,2,0,2,1,2,0,53
787-64-3880,0,9,0,1,7,5,46,1,2,11,11,3,0,3,48
378-29-9637,0,10,1,21,28,9,66,4,2,4,8,2,1,5,53
178-42-7033,2,9,1,30,24,19,2,4,3,3,7,3,0,2,-6.1
683-91-5529,3,11,3,27,31,12,29,3,0,7,6,3,1,2,26.1
405-02-7662,3,12,2,17,18,14,15,0,3,10,3,1,2,5,11.1
158-39-1642,1,12,5,26,22,11,20,1,1,12,2,2,5,4,23
258-28-7706,3,11,3,33,31,8,41,3,2,11,7,1,0,5,38.2
133-97-9833,2,10,0,38,4,1,70,3,2,10,9,0,3,2,63.2
697-42-6968,6,11,0,42,0,0,29,4,0,7,12,5,3,4,37.5
312-45-8127,3,9,1,28,42,15,63,3,0,11,6,5,5,5,60.9
435-71-6950,3,9,1,22,14,12,63,2,0,5,4,4,3,1,53.7
679-13-2509,6,10,5,15,25,0,13,4,2,2,5,1,3,5,17.9
411-97-7244,3,11,5,34,1,9,87,0,1,5,3,5,1,5,77.5
355-99-8906,3,11,1,14,6,2,17,3,2,3,4,0,4,0,11.1
766-22-7209,5,12,5,38,40,3,83,4,1,10,0,5,5,1,72.2
676-59-9049,7,9,1,7,39,16,87,3,3,4,8,5,4,5,73.1
765-75-9626,2,9,4,10,40,19,95,0,0,8,9,1,3,4,86.8
785-27-6274,3,11,1,25,36,4,45,0,1,12,1,1,2,1,40.4
245-95-8077,6,8,1,12,41,20,25,0,0,6,6,2,4,4,27.6
285-63-4089,0,9,5,15,3,13,15,1,2,0,9,0,2,3,15.4
497-36-1874,1,12,0,37,11,16,59,4,1,7,3,2,5,3,40.5
593-17-3972,7,8,4,14,42,1,78,0,0,6,1,0,5,3,77.5
680-80-1518,4,10,3,30,41,16,37,3,2,1,4,4,3,5,28
341-99-3721,6,11,3,7,31,14,67,3,3,8,10,1,3,2,55.7
285-87-2585,4,9,1,13,4,7,80,1,1,4,0,4,3,3,67.3
481-41-9166,1,11,1,2,32,15,42,1,0,3,11,0,5,0,35.4
235-35-1099,1,10,1,38,39,15,37,3,1,4,12,1,3,1,30.7
653-97-8726,3,9,5,16,32,20,40,3,0,10,5,4,5,4,41.3
145-73-2875,7,9,5,6,11,6,11,4,3,3,4,5,2,2,13.1
228-62-2736,1,11,5,24,39,5,10,1,1,1,9,3,2,1,15.2
639-45-9848,0,12,3,19,37,3,48,2,2,8,10,3,2,5,48
263-80-5640,6,10,0,9,42,11,1,3,2,6,4,2,0,3,-2.1
281-19-5976,6,11,0,17,37,18,88,0,3,2,3,5,1,3,63.5
829-01-1172,3,9,0,15,5,12,16,4,2,0,7,3,5,1,9.9
840-03-0799,0,8,5,42,37,18,78,1,1,2,1,4,1,4,63.6
779-26-9639,1,8,1,0,30,7,96,3,3,2,9,2,1,1,77.7
845-13-7328,2,8,0,29,22,10,36,3,1,5,6,3,5,1,32.9
671-80-0488,5,12,0,25,7,20,49,2,1,10,5,3,1,2,34.8
808-66-2667,3,11,2,17,37,11,58,2,0,2,5,0,2,3,45.6
780-06-4589,6,11,5,27,39,8,80,0,2,3,0,2,4,3,66.8
819-14-7158,5,12,1,42,15,7,4,2,0,12,4,1,3,0,6.8
478-24-6066,5,8,3,40,34,19,71,2,0,4,5,1,4,0,59
463-86-3179,1,11,3,39,34,16,77,1,2,7,12,2,2,0,64.5
802-77-2295,4,8,4,27,35,12,56,3,1,3,5,3,2,2,49.4
818-79-5410,6,11,0,10,18,14,52,2,1,2,12,2,5,5,46.7
231-90-5615,1,9,5,9,40,9,2,1,2,6,12,3,0,0,11.8
315-14-8162,6,8,2,9,34,17,63,2,1,12,8,4,0,2,59.4
175-53-7917,5,8,1,42,19,1,43,0,3,11,1,0,5,5,45.8
392-21-2774,7,12,0,41,25,18,60,2,0,1,9,3,1,2,44.5
467-06-1908,6,9,2,3,5,5,62,2,0,4,11,3,3,1,62.7
486-86-7925,3,12,3,26,41,18,10,2,2,0,1,1,3,4,-2.3
254-68-5664,5,11,0,35,14,15,56,1,3,2,10,3,5,4,45.5
816-42-1709,0,8,3,0,40,20,2,4,2,12,10,0,0,1,3.1
378-13-9411,7,12,0,9,4,1,51,3,2,8,6,1,1,3,43
623-83-3437,0,10,0,36,15,12,79,3,0,3,11,1,0,2,63.5
525-61-6711,1,12,4,18,18,15,77,0,3,0,0,0,3,0,49.7
719-59-6011,4,11,5,37,27,14,17,0,0,10,12,5,0,2,28.3
225-46-7514,6,9,2,36,18,6,1,1,1,2,9,1,4,1,9.6
334-91-5051,1,11,0,35,20,11,77,4,1,0,6,5,0,1,54.5
554-54-2631,4,10,5,30,31,11,67,1,0,10,3,3,2,3,63.7
185-76-8859,7,12,2,5,21,15,60,0,1,11,9,3,3,0,54.5
798-84-4263,3,11,0,3,33,16,21,3,0,2,5,4,5,3,14.6
811-88-1502,6,11,3,35,32,17,43,3,2,0,0,4,0,5,25.8
487-54-7862,7,12,1,34,28,10,56,2,1,11,3,3,3,3,47.9
196-47-2733,3,9,1,16,36,11,24,4,0,12,5,0,5,4,26.7
701-05-0656,2,8,3,13,17,10,39,3,1,4,4,3,4,0,34.8
483-12-6794,0,12,2,21,32,8,55,1,0,1,1,3,1,5,42.2
601-39-2729,7,8,1,36,1,15,48,4,1,10,0,5,2,5,41.8
355-24-7889,0,12,4,26,34,4,33,2,0,9,3,1,5,0,31.6
591-64-9037,1,11,2,34,39,16,72,2,0,2,8,5,2,1,57.7
157-57-4547,2,11,1,36,36,4,55,3,1,0,4,4,1,2,41.9
187-40-9022,0,9,1,25,41,19,76,1,1,4,8,0,5,2,61.4
490-62-6783,7,9,0,4,35,11,54,3,1,6,1,0,5,3,43
795-84-7456,6,11,4,26,18,9,88,3,0,11,4,4,1,0,76.7
429-39-5397,5,8,2,25,25,19,25,1,1,0,1,3,3,4,18.6
850-13-9937,4,10,1,30,19,8,20,4,0,6,8,1,0,5,20.9
781-97-0966,0,12,1,4,42,9,15,4,1,1,9,1,4,3,9.5
382-54-8269,0,12,1,5,20,14,55,3,3,4,12,2,2,5,42.1
104-30-3499,5,9,4,36,31,6,48,2,0,2,9,5,4,1,51.7
870-82-3617,5,8,0,8,20,4,79,1,3,3,10,2,3,2,71.3
172-28-9479,3,8,0,5,11,3,68,1,0,7,3,5,0,0,62.3
198-12-1713,7,11,5,11,1,1,56,0,3,7,7,0,3,3,56.1
487-87-0182,7,10,4,0,11,8,92,4,2,7,10,4,0,1,80.6
593-72-3054,5,12,1,34,22,10,34,1,2,12,3,1,2,4,28.8
328-37-1325,6,8,5,2,34,10,2,3,0,4,9,5,3,3,16.6
607-49-8298,7,9,3,39,26,7,87,1,3,11,4,2,4,5,81
700-93-5976,4,12,1,33,39,5,96,0,2,6,9,5,4,4,86.5
858-50-4610,7,10,4,30,4,17,72,0,2,12,2,3,5,2,64.2
668-40-7221,1,9,3,4,33,14,12,3,3,1,3,5,2,0,3.8
380-96-3808,5,12,4,23,37,12,91,3,3,1,12,3,0,4,73.3
814-22-9560,2,11,2,12,40,10,32,2,0,1,12,0,4,4,31.9
863-08-7416,5,8,4,38,28,5,72,4,1,1,4,1,4,5,65
238-24-1506,5,9,2,33,24,4,89,0,0,7,4,3,2,3,83.7
575-56-4899,3,11,3,16,16,7,71,1,0,6,5,0,1,5,63.3
616-53-3070,1,10,3,14,17,20,18,3,0,6,12,2,5,5,22.3
778-44-6988,0,12,4,11,24,11,80,3,0,1,0,4,2,5,60.9
119-94-0743,2,12,2,42,19,6,25,4,2,9,7,3,3,0,20.8
799-15-9749,5,10,2,38,23,15,10,4,2,4,12,3,3,2,10.6
212-61-2032,3,12,3,34,25,3,54,1,0,11,6,5,2,5,57.6
612-76-1526,1,12,0,23,2,4,59,3,0,6,4,0,5,1,46.7
775-32-5907,4,10,1,22,12,4,12,1,2,8,7,2,3,0,16.1
279-72-5350,7,9,3,12,21,4,58,4,0,8,4,2,5,4,58.6
146-13-1925,4,9,3,13,10,3,6,2,3,12,4,3,0,2,12.9
850-24-6316,2,9,3,18,25,0,72,2,2,2,10,1,0,0,64.3
770-77-9300,4,11,1,16,28,8,64,4,1,4,10,5,2,1,54.3
526-71-6311,0,9,0,21,35,13,74,1,0,9,6,4,4,1,65.8
743-19-4042,4,12,2,31,38,2,77,1,1,9,9,5,4,2,74.6
853-77-3042,3,9,5,15,15,11,68,3,0,1,4,4,2,4,60.2
412-97-3582,2,10,3,21,4,12,89,2,3,9,2,2,4,1,70.4
432-44-4937,0,9,2,5,17,14,45,3,2,9,8,4,2,3,40.7
290-40-7878,0,12,3,6,35,8,25,0,3,2,12,5,3,1,24.8
323-20-6524,3,9,3,0,34,3,38,0,1,8,10,3,2,1,46.3
524-67-0808,5,10,2,3,7,11,86,4,3,9,2,5,2,1,66.8
168-26-9738,7,10,4,13,30,9,67,2,2,12,7,4,2,2,64.8
250-04-5638,4,9,4,34,30,17,0,1,0,6,6,0,5,0,5.5
572-78-0613,0,8,3,12,6,4,0,1,3,3,5,2,3,0,4.2
706-54-0392,6,12,5,23,9,4,28,4,3,4,3,5,2,3,23.4
597-03-4759,1,12,2,37,22,14,47,0,0,3,11,0,2,4,41.5
197-98-1208,1,10,5,18,9,6,14,1,1,7,2,3,5,5,22
312-24-9763,3,11,5,21,29,9,91,0,1,10,3,2,4,4,83
493-77-9411,0,9,3,11,28,1,10,2,3,12,7,3,2,0,18.1
333-04-0878,2,12,0,28,31,19,71,3,3,5,7,0,0,3,44.8
714-36-7268,3,10,0,34,33,17,74,0,3,4,0,2,4,0,50.1
617-78-2662,6,11,1,34,21,12,59,1,2,7,12,3,0,0,51
830-80-9875,3,9,5,32,28,4,58,0,2,5,9,2,0,0,57.2
196-08-0009,3,12,0,40,7,7,30,2,0,3,0,2,0,1,16.9
840-11-5296,6,10,4,25,22,4,84,3,3,9,11,0,5,1,78.1
458-64-1509,2,10,0,31,41,4,63,0,1,6,4,1,2,3,55.2
625-23-0975,5,11,5,8,7,11,18,1,2,7,5,5,0,0,18
215-25-4321,5,11,2,28,6,19,66,4,0,8,4,5,2,5,53.6
230-74-0663,4,12,0,14,8,3,38,1,3,9,6,0,4,0,31.1
718-41-7618,0,9,0,19,7,5,54,0,1,5,2,4,1,1,46
524-76-7460,1,8,4,35,40,17,35,1,3,9,6,0,3,2,31.6
610-95-5597,3,8,3,28,30,20,82,0,0,9,10,2,1,3,76.8
639-55-4992,5,12,3,12,12,9,15,3,1,4,11,4,5,2,19.2
229-05-6612,0,10,5,8,30,2,88,4,0,4,5,4,1,2,77.8
257-90-7401,2,10,1,36,22,17,81,4,2,9,5,4,2,2,61.9
562-46-2421,3,10,3,34,5,1,90,4,1,3,5,3,3,2,77.3
351-35-0778,7,11,5,22,0,4,24,0,2,12,3,0,0,4,29.2
584-88-6201,6,11,5,4,38,20,17,3,1,4,6,1,2,2,11.5
594-16-9868,1,9,2,40,35,17,25,4,3,6,5,3,2,0,14
390-28-6994,7,10,2,22,2,6,22,4,1,8,4,5,4,0,23.2
472-90-5048,6,9,1,10,21,20,99,4,2,9,12,3,1,2,81.9
117-78-7102,1,11,4,11,29,13,76,4,1,9,9,2,3,3,65.9
344-96-2842,4,8,4,37,27,2,39,1,0,7,7,1,1,2,46.7
242-62-9239,7,11,0,4,31,0,12,4,1,11,0,3,4,4,14.9
834-42-9647,4,8,2,27,21,9,70,0,1,1,5,2,1,3,61.7
796-29-5114,2,11,5,41,7,4,88,4,0,10,6,2,3,5,82.4
334-73-2167,3,8,0,16,1,5,7,0,0,9,2,3,0,0,12.8
664-17-4190,5,8,4,33,23,10,57,3,3,1,6,2,0,2,46.3
550-47-0488,7,12,0,14,3,11,18,3,3,10,12,1,0,3,15.5
586-11-3596,4,10,5,26,11,4,87,3,0,6,2,2,1,1,75.2
458-48-0693,5,10,5,12,12,4,38,3,2,4,12,0,2,1,39.5
787-06-7356,5,11,5,8,12,6,28,0,0,12,7,5,5,4,43
391-92-9519,7,12,1,25,21,0,46,1,2,12,4,5,2,3,46.5
345-98-1858,2,12,1,22,32,3,9,0,3,10,9,5,2,2,15.6
154-06-3551,0,8,4,27,12,4,54,1,1,5,9,1,4,3,57.9
278-89-8725,0,11,5,11,2,6,65,1,1,8,10,1,3,1,62.8
197-17-2683,5,9,4,13,11,3,21,3,2,10,9,3,2,4,32
400-13-1153,6,9,1,22,12,1,51,0,1,8,5,2,0,0,50.1
478-41-6998,6,12,4,26,17,15,56,2,0,1,9,5,5,3,50.8
186-50-5039,1,12,3,22,36,0,16,4,3,2,8,4,4,0,13.6
571-65-5632,4,12,2,1,26,8,65,1,2,0,2,3,1,3,47.2
283-34-1358,3,10,0,19,31,1,68,4,3,6,2,3,5,4,55.7
365-36-3302,0,10,0,35,27,3,67,4,1,1,8,5,1,4,56.6
143-62-7407,0,10,0,30,30,10,20,1,2,7,4,1,4,0,14.3
607-61-0279,5,11,4,39,4,17,44,4,1,0,0,2,5,0,26
148-92-3026,0,12,2,27,19,17,10,4,0,1,4,0,2,4,-1.1
318-99-4524,5,8,4,6,37,9,56,1,2,2,10,4,4,5,59.2
753-81-5593,0,12,4,13,41,10,32,0,2,6,5,3,1,1,26.3
189-62-8701,4,8,5,26,33,11,90,1,1,11,8,2,0,0,84.3
428-80-1324,1,9,2,32,16,12,94,1,3,0,0,1,3,1,67.5
478-76-3092,0,10,2,29,1,5,3,3,3,0,8,1,3,3,2
452-69-4949,0,11,0,24,5,3,67,1,0,7,5,3,1,5,60.6
586-35-1491,7,9,5,20,11,14,11,2,0,6,8,4,1,4,21
834-54-3380,6,12,1,6,40,7,61,2,0,12,11,5,4,1,62
246-54-1644,7,8,5,7,41,1,23,4,1,6,9,5,1,1,34.2
656-10-7361,5,9,5,6,32,2,30,3,1,2,12,4,5,3,41.5
744-65-3632,3,12,3,2,27,8,20,2,0,11,11,2,1,3,27
500-60-2795,7,12,4,38,3,20,66,3,0,11,7,2,2,3,56.3
209-04-7708,1,10,3,0,25,8,42,3,0,3,3,3,0,5,36.1
636-51-8497,2,8,5,14,42,17,13,1,1,4,9,5,0,1,18.2
239-87-7567,4,8,5,2,29,11,15,4,3,7,3,4,5,2,17.2
630-73-5302,2,8,0,13,34,8,73,4,0,7,4,1,2,3,61.9
676-41-7739,4,12,0,26,38,2,12,0,1,9,12,1,3,0,19.7
134-46-9257,1,9,4,30,26,12,33,3,2,8,0,0,1,5,25.8
529-38-6435,3,11,2,32,3,9,97,4,0,4,5,1,0,2,75.5
559-18-3764,7,11,2,41,42,13,71,0,1,9,5,5,1,4,64.2
555-15-5878,0,8,5,24,2,1,88,4,1,10,0,5,2,3,81.3
131-57-1352,3,9,4,31,32,3,87,0,0,7,5,5,3,4,87.3
164-86-0190,7,10,1,19,30,18,20,3,1,2,1,3,3,4,10.7
198-64-5501,5,8,5,31,6,20,58,3,1,12,10,4,0,5,59.2
431-37-9124,7,11,2,6,22,20,96,4,0,7,4,3,3,4,75.8
848-97-9758,1,11,2,32,2,12,63,1,2,0,4,1,5,0,44.9
593-77-6491,3,8,2,25,16,9,33,4,2,10,11,1,4,5,38.7
722-22-8739,7,11,4,1,40,2,41,3,2,12,12,2,3,3,49
448-21-2214,1,10,4,16,18,8,52,3,3,2,9,2,3,4,45.3
795-15-2468,3,9,4,26,25,0,49,3,2,8,6,4,3,3,52.2
118-22-6720,2,10,5,26,5,13,18,0,0,3,9,5,1,4,25.9
330-15-6617,7,12,0,33,14,4,76,4,0,12,0,2,4,1,62
484-27-0972,0,9,5,25,17,13,49,3,3,7,0,5,5,1,39.3
329-91-2039,1,12,0,25,3,20,11,3,1,12,0,1,5,2,0.5
574-74-4682,7,11,1,10,34,1,69,3,2,12,3,2,1,4,61.2
170-14-0264,4,11,3,32,24,14,57,3,1,4,12,2,1,5,50.8
408-08-5520,0,11,5,34,21,14,67,2,3,0,8,2,1,3,50.7
504-45-4507,2,12,3,1,4,11,74,3,3,3,4,4,1,0,51.5
198-22-5301,0,8,2,7,13,14,96,0,1,3,0,2,2,2,75.9
407-30-2939,1,11,2,41,38,16,37,1,2,5,9,5,1,2,30.5
519-79-0683,4,10,4,33,12,8,74,4,0,7,4,3,4,4,67.4
357-83-1063,3,12,3,2,6,3,15,3,2,9,11,3,4,5,24
765-18-8140,4,9,5,41,34,15,41,4,2,0,10,0,4,0,33
370-75-4782,1,11,0,39,1,7,72,4,3,3,6,0,0,4,50.4
313-59-6109,1,12,4,37,33,12,2,2,3,4,6,3,2,3,-0.5
164-46-5907,7,9,5,2,35,8,99,1,0,4,4,3,3,2,90.3
543-40-8270,3,11,0,10,41,8,93,4,3,1,11,0,2,3,70.6
175-62-7902,5,10,5,6,35,6,7,2,1,11,10,3,0,3,20.9
527-70-1704,3,11,2,6,24,10,28,3,3,5,5,3,4,1,19.9
555-23-6510,5,9,5,11,16,5,78,2,0,1,9,2,2,0,72.9
859-73-9122,6,10,0,34,42,3,34,2,0,7,5,3,0,5,35.8
698-29-5169,7,10,0,5,9,19,90,4,2,5,9,1,4,0,67.4
362-66-9071,5,8,4,22,15,19,11,4,1,3,6,1,4,4,11.3
831-91-2014,4,10,2,11,34,6,79,1,3,1,11,5,0,3,69.3
799-38-4399,5,11,3,32,9,15,44,3,3,8,4,1,4,5,34.4
167-09-4862,4,11,4,32,26,5,87,0,2,11,0,2,1,1,73.9
647-04-4562,7,9,5,7,14,20,57,3,1,7,4,4,4,2,50
419-52-3930,6,10,4,35,22,16,72,4,1,1,0,3,0,4,51.7
798-05-2130,5,12,3,12,23,19,67,1,1,12,10,1,2,2,58.4
385-25-2292,2,10,3,32,23,19,31,1,0,7,6,4,5,2,30.6
651-30-0088,4,11,3,2,11,17,28,0,1,3,6,4,1,0,21.7
133-42-0510,2,12,3,28,16,12,19,3,3,0,6,4,2,1,8.1
678-71-7439,1,8,3,5,5,15,10,1,2,8,1,0,2,3,8.6
264-52-8973,7,12,1,4,24,17,55,0,3,11,3,2,0,1,39
418-48-8275,7,8,4,32,3,9,19,3,0,6,0,1,5,1,21.4
401-88-9557,2,10,1,26,18,12,58,3,1,0,11,5,0,1,46.7
504-49-4983,2,11,1,28,1,18,97,3,2,11,2,2,2,5,73.5
274-76-9035,6,12,4,2,8,10,39,3,0,6,8,2,1,0,34.5
603-71-9347,4,12,0,3,4,8,7,3,2,7,11,3,3,2,8.5
420-77-6886,7,12,4,33,26,14,43,0,1,8,9,3,0,5,43.3
705-40-4194,7,12,5,24,42,9,61,4,0,1,1,2,4,5,49.5
576-87-3402,5,12,1,15,13,2,1,4,1,0,9,2,0,3,0.9
386-73-5299,0,11,4,3,34,1,76,3,0,1,2,0,1,1,60
868-35-7590,5,12,4,21,40,12,9,4,0,5,11,0,5,5,14.6
525-24-5050,7,11,1,33,21,13,29,3,0,6,10,0,5,0,26.6
358-05-0361,6,9,3,34,4,8,61,3,3,2,5,2,5,3,51.8
284-29-1287,3,12,0,32,35,12,48,3,1,6,7,5,4,5,40.6
871-21-2249,5,9,0,40,20,9,52,2,0,2,12,2,4,4,52.1
377-79-9044,5,8,2,35,10,15,79,4,2,1,12,1,1,2,64.6
747-90-3567,7,10,3,25,36,10,51,0,1,11,1,2,3,5,50.3
295-25-7944,7,10,1,41,32,9,44,1,2,7,5,0,5,5,41.4
782-01-7863,3,12,3,33,31,20,96,2,0,0,7,5,1,2,73.1
532-70-2357,0,10,0,39,28,1,83,1,1,7,10,1,0,1,73.8
285-64-9249,3,10,3,15,19,13,36,4,1,4,11,3,5,4,36.1
762-12-2041,3,10,0,12,17,20,34,1,2,2,5,3,0,0,18
823-16-4890,5,8,3,42,33,0,50,0,2,7,10,2,5,0,57.9
533-42-3925,6,10,4,35,26,18,86,4,0,8,11,5,1,5,78.9
136-62-5979,5,10,0,31,14,17,10,3,2,12,1,5,2,1,4.6
214-75-4726,0,9,0,3,33,0,27,1,1,10,2,5,3,0,29.9
536-23-1025,0,11,3,21,18,0,73,2,1,1,7,0,4,5,65.3
364-51-2149,5,9,4,2,36,13,50,1,2,9,6,1,3,1,46.7
167-12-8749,5,9,1,12,26,15,45,2,1,4,8,5,3,3,41.5
262-58-4226,2,11,2,23,37,11,94,0,3,7,5,5,0,2,75.9
687-83-7547,2,11,0,2,22,20,96,4,1,8,12,4,1,2,75.8
250-95-2808,7,10,5,22,41,16,55,1,0,3,0,0,1,3,43.5
493-65-9637,2,12,5,2,41,11,34,4,3,8,0,3,5,2,23.4
572-36-2000,0,8,3,26,35,13,87,3,2,7,0,3,1,3,68.5
466-19-6333,7,11,2,26,12,6,23,4,3,11,10,2,3,5,27.2
509-54-1760,0,8,3,37,37,8,87,0,3,11,4,5,0,4,79.7
556-65-2319,5,9,1,29,0,4,68,0,3,4,4,3,3,4,60.9
359-74-8299,5,11,2,28,30,16,43,4,1,8,3,5,2,2,32.3
325-16-7676,5,10,4,30,31,10,37,0,2,10,10,4,1,4,43.9
521-92-8743,1,9,3,5,20,16,33,2,0,10,5,3,0,3,31.9
173-93-6495,5,9,2,0,19,6,72,1,0,0,4,1,3,0,61.1
324-47-8320,0,9,2,41,12,20,100,3,3,10,3,3,2,1,74.8
633-22-5059,3,8,2,11,9,3,25,4,0,0,7,2,4,2,27.6
237-16-6876,3,8,4,26,0,9,43,0,2,11,8,4,0,3,49.3
668-24-3934,3,10,5,12,2,8,20,3,0,10,3,5,2,2,25.6
327-23-7903,4,11,2,32,8,12,78,3,3,7,2,4,2,0,56.7
715-73-2897,1,8,2,12,6,3,58,0,2,9,0,4,1,3,54.7
132-49-0271,4,8,1,8,23,11,93,4,1,8,1,3,0,2,74
392-37-9512,0,12,5,26,39,7,94,3,0,3,10,1,4,2,81.6
850-14-5585,1,12,0,10,8,6,38,4,0,7,8,4,0,2,31.7
790-67-0041,1,9,0,10,40,11,73,3,2,0,9,3,1,5,58.5
680-96-6640,6,12,5,16,39,10,46,4,2,1,6,5,2,2,36.2
494-62-6460,6,10,4,29,9,15,71,1,0,8,10,2,0,2,66.4
183-30-9487,3,11,0,39,13,17,85,4,3,8,6,2,2,2,60.4
798-72-7287,0,9,3,18,24,9,1,4,0,4,10,0,4,3,8.3
711-28-5073,6,10,5,41,14,9,14,1,0,0,4,1,4,5,19.1
812-04-2085,2,10,2,26,17,5,5,2,2,12,3,1,1,0,6.7
493-16-1044,3,9,1,21,33,15,71,3,2,8,10,3,4,0,60.4
192-20-8060,7,9,1,42,25,13,15,1,0,1,10,5,4,1,20.7
866-24-5295,2,8,5,30,25,18,49,0,1,1,6,4,0,0,42.1
447-82-9302,6,9,1,3,40,3,40,2,2,10,9,3,1,0,42.2
482-90-4861,1,9,1,21,42,20,56,3,3,4,0,2,5,3,35.5
333-62-4074,4,12,2,15,38,12,40,2,1,5,9,2,0,5,34.4
103-32-4044,3,12,4,3,9,17,3,0,2,12,5,4,3,1,5.9
611-17-0205,3,8,4,35,32,9,51,2,3,6,5,3,5,2,48.3
330-91-2555,2,11,2,17,5,17,38,2,3,7,6,2,1,1,24.8
304-91-8646,0,12,1,6,9,2,19,3,3,0,2,1,0,3,5.7
208-23-7002,1,10,4,38,40,16,19,1,0,8,4,3,0,2,18.6
229-67-2707,0,9,4,35,18,1,71,2,0,12,6,5,0,3,73.7
801-12-6636,6,8,0,24,10,1,8,4,0,10,5,3,2,5,19.8
538-20-1796,0,10,4,30,27,1,82,0,2,4,9,2,4,5,79.8
158-29-2860,0,10,1,41,13,13,81,3,2,8,12,3,3,5,71.5
733-33-6186,0,9,4,22,35,10,81,0,0,3,9,2,3,2,75.7
525-72-1409,7,12,5,13,18,12,82,3,3,12,0,5,3,5,68.4
166-84-4221,5,9,1,8,24,1,38,3,2,0,9,0,3,1,34.3
578-02-1282,6,12,2,9,35,4,1,2,1,7,4,0,4,3,4.8
258-85-5441,4,12,5,37,10,6,47,4,0,8,6,4,1,5,46.5
637-92-0719,3,12,3,3,25,6,3,0,2,10,1,1,3,1,4.2
658-05-9229,5,12,4,6,14,3,18,2,3,2,9,0,3,4,18.7
495-14-5207,5,12,5,24,27,5,15,0,3,3,7,3,0,3,16.8
212-32-2051,1,10,5,31,37,11,12,2,3,4,7,2,2,3,12.2
346-58-0431,1,9,3,19,12,15,64,3,0,6,3,2,0,3,51.5
291-54-8639,3,10,0,26,24,14,68,0,2,7,8,5,0,1,56.6
462-72-6866,7,10,1,24,27,2,98,0,3,10,1,2,0,4,83.8
469-88-5275,5,8,0,15,10,20,62,4,2,11,11,4,0,5,55
430-17-4208,3,8,5,34,16,5,15,2,2,12,6,1,0,3,24.9
204-63-4494,4,10,2,14,14,15,98,4,3,0,10,0,5,5,76.7
626-16-5630,1,8,4,13,25,8,89,4,3,3,2,1,5,5,73.1
865-52-5098,7,8,2,32,16,20,21,1,1,3,9,2,0,2,19.9
252-04-7983,7,11,4,38,34,18,91,2,0,10,4,4,4,2,78.6
515-98-0132,6,11,2,14,33,20,46,3,3,7,12,3,0,3,36
554-99-0016,6,12,1,8,8,16,92,3,1,7,1,4,5,1,68.7
772-94-7811,1,10,2,40,28,16,18,3,0,6,7,2,4,4,18
100-12-1951,3,11,4,26,28,0,83,2,3,8,3,3,3,5,74.4
709-34-5213,5,11,4,33,39,15,70,1,2,5,12,2,3,5,64.5
175-22-7355,2,9,2,38,8,5,16,4,2,6,0,0,1,4,11
370-68-5457,5,8,0,37,42,14,78,3,3,1,8,1,3,2,59.9
691-88-9138,4,9,4,31,38,18,83,2,1,0,12,4,1,4,72.8
524-97-5501,2,11,1,0,8,15,50,4,2,9,0,1,2,0,29.4
169-32-9462,0,9,4,36,6,15,76,0,3,6,1,2,3,1,59.4
262-48-2206,7,8,4,36,34,16,73,1,2,4,8,5,1,3,66.9
566-16-2972,3,9,2,24,31,9,21,3,1,6,3,4,5,5,23.8
441-06-0271,7,10,3,26,31,13,78,0,3,2,1,3,3,1,59.8
896-19-3876,5,9,1,18,6,19,92,3,0,7,2,1,5,1,71.9
472-11-6007,4,8,3,36,14,4,23,1,1,12,8,5,1,2,36.6
337-38-9197,1,8,3,16,37,16,1,2,2,9,10,1,5,0,7.9
115-25-3643,4,11,1,42,6,7,55,2,0,9,11,3,3,3,55.9
866-63-5166,1,10,0,23,2,15,86,3,3,3,1,2,1,5,58.7
875-05-2675,5,9,3,0,7,1,86,1,0,5,2,0,3,4,79.4
549-43-6004,5,11,4,37,10,8,32,3,2,12,6,1,4,4,34.1
612-31-8021,4,9,1,4,34,7,96,0,2,1,10,5,5,4,88.4
426-45-8501,6,12,4,21,9,15,20,0,3,12,3,2,0,3,16.7
384-97-9669,0,12,2,34,18,5,13,3,2,6,1,0,0,4,4.8
150-37-6953,7,9,2,15,29,18,75,2,3,10,6,5,5,1,64.4
863-16-6112,2,10,3,40,1,3,90,1,0,4,8,5,1,2,83.8
657-17-2381,2,10,2,31,28,9,75,3,3,0,7,5,5,5,62.4
725-75-3484,3,9,2,12,23,8,26,2,2,3,7,4,5,0,25.8
410-60-1192,0,8,0,39,19,10,4,4,2,11,1,5,0,1,1.9
854-02-6880,7,9,1,31,22,2,15,1,2,9,0,1,3,2,17.7
172-28-2140,1,11,1,35,41,13,46,2,3,8,3,3,4,5,35.3
594-37-0723,0,9,5,27,24,14,70,4,2,12,12,3,1,3,66.4
834-79-1280,3,8,5,1,8,4,75,2,2,5,12,3,3,4,77.7
578-29-9188,3,8,4,10,32,9,9,2,0,0,1,0,2,3,9.5
525-78-9124,6,10,0,38,16,14,28,0,1,0,4,3,5,0,20.7
123-86-8716,5,8,2,6,0,8,98,3,1,0,7,1,4,3,83.8
191-96-9509,7,12,3,21,41,12,68,3,2,3,3,5,5,5,54.9
429-18-4640,4,11,4,34,13,15,34,1,1,1,10,3,2,1,30.1
483-79-3924,3,12,1,12,0,20,91,1,0,1,0,1,2,3,62.1
219-69-0207,6,9,1,31,23,12,57,0,0,4,12,3,2,2,57.3
157-95-7174,1,9,5,27,11,20,55,2,3,9,4,4,3,1,44.6
326-98-1789,0,9,5,13,15,7,17,0,0,8,11,1,3,4,32.4
582-62-0322,5,9,5,34,37,14,49,0,3,3,12,0,4,4,49.3
702-06-5748,4,8,1,22,19,18,39,0,0,5,9,3,1,2,38.4
738-99-9946,6,10,4,20,5,5,23,3,0,6,11,0,5,1,31.5
782-80-8456,3,12,0,9,7,8,46,0,1,12,8,2,1,0,41.6
864-27-5270,2,9,3,26,24,10,31,2,0,8,9,1,2,2,34.9
598-06-8298,5,8,3,42,36,4,76,1,1,12,4,4,4,4,78.7
642-28-7620,0,8,1,12,32,2,56,4,0,1,4,3,0,2,47.4
609-31-9496,6,9,2,40,21,20,57,3,1,0,1,0,4,3,38.4
191-37-5036,3,9,3,28,13,5,32,4,1,4,1,3,1,0,25.2
107-02-8934,4,9,3,30,22,15,57,0,3,0,6,3,4,0,45.3
508-19-0880,7,11,0,25,34,3,64,0,0,2,6,2,4,2,58.3
761-17-2166,1,9,3,25,6,3,47,2,0,2,2,2,4,1,42.8
284-79-0359,7,11,0,34,13,20,41,4,0,0,1,0,1,5,20.9
801-77-0203,1,8,0,2,14,11,95,1,2,8,5,4,2,5,82.6
307-85-6982,2,8,1,15,35,2,80,2,0,4,10,0,3,5,78.1
673-54-5412,1,9,3,2,16,6,38,0,3,4,0,2,2,1,30.2
584-07-8731,0,10,2,12,16,19,93,1,0,6,7,1,3,3,76.5
486-33-9498,7,11,1,23,2,12,10,1,2,3,12,0,5,4,13.7
217-12-7640,3,11,1,35,1,8,56,1,1,10,6,0,0,1,47.1
636-47-2971,1,11,0,21,26,11,65,3,3,5,0,4,2,2,42.5
734-06-6084,0,10,2,18,18,13,52,3,1,12,9,0,5,4,49.5
428-72-1057,5,10,5,19,24,11,1,2,3,1,2,1,5,2,-0.7
217-69-5619,5,8,5,30,12,14,79,4,3,6,0,4,4,1,62.9
491-20-1481,5,10,4,27,14,16,45,4,2,0,4,5,4,2,33.1
483-57-5306,1,9,4,12,24,16,79,0,1,5,6,3,5,1,69.8
418-87-4976,4,10,5,12,19,13,19,0,3,1,12,5,3,1,23.1
617-62-6012,3,11,4,13,23,1,21,3,1,5,12,1,0,4,27.9
744-59-3260,7,8,4,40,10,6,15,4,1,2,7,3,0,0,17.8
147-80-3468,6,8,2,24,17,12,48,0,0,4,8,0,1,5,49.1
149-91-6646,6,11,0,40,17,10,23,0,0,11,0,1,4,2,21.7
708-62-4732,3,8,5,8,1,2,26,3,3,12,1,0,1,2,27.9
774-64-2039,4,12,5,18,39,17,71,1,2,11,0,1,0,3,53.7
426-40-1257,5,10,2,42,5,18,50,4,1,8,4,3,4,0,37.8
225-72-3771,4,11,0,3,27,14,50,1,0,7,4,3,0,0,37.8
809-50-8532,2,11,1,4,35,17,58,0,2,6,8,2,2,4,47.2
708-23-1891,6,10,2,10,34,6,4,4,0,8,7,5,2,5,14.7
799-96-3248,4,12,3,15,8,3,81,4,0,0,0,3,2,2,61.5
777-63-0779,2,8,5,22,12,5,96,3,1,1,8,4,5,0,87.5
203-54-4188,6,10,1,15,11,0,11,0,1,7,7,1,1,5,21.6
217-14-5700,3,10,1,2,37,2,66,1,1,8,7,1,0,4,61.9
207-77-4286,4,8,4,33,24,18,77,2,1,10,4,5,3,2,69.5
332-97-3396,4,8,2,4,14,12,18,3,0,5,1,3,3,1,16.4
888-22-9769,7,11,1,3,23,13,5,4,3,12,4,5,3,2,3.8
799-50-3958,2,11,2,3,26,1,82,4,1,1,5,5,5,0,67.9
578-97-3617,2,10,2,4,39,14,28,4,0,1,12,2,0,4,24.8
199-44-2309,7,10,5,8,33,12,28,2,2,5,12,0,1,4,31.3
611-42-2054,6,8,3,2,13,14,61,3,0,2,10,2,2,2,56.3
281-76-1769,3,9,5,35,12,12,73,3,0,0,4,4,1,3,61.8
207-29-9869,0,8,2,34,25,17,15,3,0,7,8,1,2,0,14.6
259-83-6371,2,10,5,38,5,8,0,2,0,2,7,5,3,0,8
800-69-1195,1,11,4,26,17,5,15,4,1,6,5,0,1,3,13.7
269-81-0423,0,10,2,18,15,12,24,0,2,1,5,5,0,0,16.8
628-85-2005,2,11,3,10,1,9,12,3,1,11,10,4,4,4,21.6
115-82-0382,4,12,4,27,30,16,24,2,2,12,11,0,0,2,22.6
872-02-4633,5,12,5,13,30,1,39,0,3,2,0,0,4,4,33.1
498-07-3382,4,11,1,17,6,17,98,1,3,6,2,5,0,2,71.6
670-62-5541,6,10,1,21,5,7,87,1,2,9,6,5,0,5,78.5
855-23-8727,7,12,3,23,11,12,65,4,0,2,8,4,5,1,54.4
771-04-2292,3,8,0,14,17,15,77,4,0,5,1,3,5,1,59.9
860-40-4548,6,9,4,30,41,1,86,4,3,6,10,4,4,2,81.5
231-16-2290,5,11,4,21,32,10,75,2,0,5,7,0,4,1,65.5
690-89-4227,3,9,1,11,18,3,91,0,3,10,10,2,5,0,85.4
487-15-1653,6,9,5,25,27,14,57,3,1,7,7,5,4,1,55
800-60-6852,6,8,3,8,38,6,22,3,3,2,1,1,1,4,17.6
287-16-5697,0,8,5,22,37,20,29,1,2,7,11,0,3,1,29.6
284-18-7736,0,10,5,16,19,16,22,3,2,2,3,5,1,1,13.2
657-47-8633,7,12,2,34,32,0,17,2,3,11,10,2,5,1,24.5
896-50-9731,1,9,1,22,12,0,1,4,0,12,1,5,3,2,10.4
690-14-7494,5,12,5,11,35,10,21,3,1,7,1,2,2,3,17
568-46-1417,3,11,1,25,17,6,65,2,0,1,4,2,5,3,54.3
146-11-2216,1,11,1,34,3,2,66,1,3,0,11,0,2,0,53
752-42-9683,5,8,4,3,30,9,67,1,0,6,10,4,2,4,71.5
721-31-7227,2,12,3,10,36,14,47,1,1,3,6,0,0,1,32.9
121-03-0975,1,11,0,40,31,8,8,0,2,1,7,5,4,3,8.9
536-33-5474,6,8,5,33,3,11,92,4,3,2,2,5,5,3,76.9
885-79-2836,3,8,3,15,38,15,11,4,2,3,4,0,0,2,4.2
659-30-6182,0,10,0,27,25,7,33,1,3,0,8,5,0,0,23.7
557-15-7260,1,12,2,21,12,16,59,1,3,10,12,5,0,3,50.6
708-23-3087,2,12,5,38,9,17,47,0,0,2,2,4,0,2,35.3
400-57-4895,2,12,2,30,22,5,55,2,0,7,8,2,4,5,53.6
629-23-0509,0,11,5,4,13,12,76,3,2,3,8,0,0,2,58.6
738-53-1801,5,11,4,2,19,2,27,4,2,1,8,2,5,0,25.4
622-50-4713,1,8,0,39,30,17,76,2,3,2,6,2,1,5,57.2
232-56-6994,1,10,4,32,30,11,94,4,3,11,3,0,5,4,76.9
268-33-7711,7,11,0,17,38,10,56,2,1,10,0,5,4,0,45.1
862-85-1813,5,9,3,6,25,17,92,2,1,8,9,5,5,0,82.4
289-98-8288,4,11,2,15,25,3,90,1,2,9,12,3,5,0,84.9
746-09-0361,1,8,1,35,11,14,72,1,2,3,5,0,0,0,53.6
694-92-6648,7,10,3,23,1,15,98,4,2,8,12,3,0,1,82.5
374-64-4598,6,10,3,33,30,1,49,4,3,7,8,3,2,1,45.9
394-68-8315,7,11,3,9,20,4,84,1,1,0,5,3,4,4,74.2
333-03-8881,0,10,0,13,4,20,0,3,0,12,5,5,4,2,1.7
679-13-9397,1,8,1,12,18,0,77,0,0,5,10,1,1,3,77.2
593-05-3117,0,9,2,4,14,17,85,3,1,7,4,5,2,2,68.2
617-77-8859,0,9,0,39,18,11,88,2,1,4,9,3,0,5,74.6
642-21-3948,2,10,5,34,18,6,21,0,2,9,10,1,0,1,28.1
432-19-6900,1,11,2,3,16,2,38,4,0,3,3,0,2,3,30.3
332-82-0828,5,10,3,33,30,16,32,0,1,7,4,5,3,1,30.5
220-11-3599,4,8,1,38,1,3,3,0,1,4,3,3,3,3,12.1
642-42-7300,6,12,1,25,41,14,69,0,1,6,12,5,2,5,64.4
581-36-0165,2,11,2,21,35,19,18,0,3,4,2,2,2,1,5.6
370-09-5430,0,11,4,42,27,3,17,4,0,10,8,1,3,1,22.7
217-67-6336,0,12,2,3,21,10,28,1,1,6,5,0,1,4,21.8
738-27-4454,3,10,5,0,11,0,47,1,1,9,2,5,2,4,51.9
809-05-0982,4,10,5,34,16,20,58,0,1,12,10,1,0,3,56
216-25-1621,1,11,0,25,23,4,97,4,1,11,4,5,3,5,83.6
743-37-3142,7,8,4,39,33,16,16,4,0,2,2,5,2,3,15.6
154-49-8131,2,10,3,26,5,1,87,3,2,2,2,3,5,2,72.4
611-11-7075,2,11,0,4,26,18,54,3,2,0,3,1,3,3,30.9
208-19-8476,1,11,5,3,36,5,99,1,3,1,6,4,5,5,86.2
638-38-0183,6,11,2,40,36,15,5,0,1,6,6,3,3,0,6.3
826-86-4058,7,12,1,42,27,15,10,4,2,2,10,2,5,1,4.3
349-62-5965,0,11,4,16,36,9,30,3,0,11,12,5,1,5,39
162-84-5143,1,9,3,13,28,14,34,3,1,12,12,3,4,5,41.7
720-81-9868,7,12,0,40,6,20,69,3,1,11,5,5,1,3,52.8
552-97-0806,4,8,3,38,9,5,77,3,2,8,9,5,3,0,73.8
893-70-0234,5,10,5,15,10,7,84,3,2,9,0,3,3,2,71.3
563-02-8418,4,8,4,40,41,14,95,3,0,7,5,3,2,5,85.6
641-63-6206,5,9,4,17,38,0,68,4,1,6,1,1,4,3,62
649-56-6281,7,8,5,16,32,19,86,2,0,7,11,4,0,2,81
451-49-5357,1,10,3,9,18,11,42,4,3,8,0,4,3,0,28.5
461-07-9792,6,12,1,6,9,18,78,4,3,11,7,0,4,4,58.7
177-04-6313,5,8,4,13,7,20,65,1,1,11,8,0,2,2,60.5
746-95-1270,7,10,1,26,41,20,69,3,2,10,0,4,4,0,49.8
773-11-7229,4,9,5,8,16,6,22,2,1,4,7,1,5,2,28.6
859-17-2497,6,9,3,17,29,3,3,0,2,3,3,1,3,3,9.9
494-25-0065,0,10,1,22,8,0,87,0,3,8,1,0,5,0,71.7
337-75-8903,7,11,5,33,12,0,83,3,3,9,6,4,0,1,74.5
594-07-3860,6,9,5,0,22,2,50,4,2,10,12,2,4,5,59.6
555-02-1494,1,12,3,37,40,3,56,3,0,7,4,2,4,4,51.1
727-36-3574,5,9,2,3,2,5,11,1,1,9,3,4,2,0,17.1
134-53-5575,1,10,1,35,5,8,75,3,0,2,0,5,4,2,59
579-63-0045,1,9,0,33,24,16,44,1,3,4,1,3,3,2,28.6
722-78-0913,6,8,3,11,27,10,89,1,3,7,4,2,5,0,77
420-29-1948,0,11,4,34,9,16,13,2,0,10,12,1,5,3,21
141-48-5122,6,11,5,22,21,19,91,4,3,1,12,0,3,1,69.4
794-86-7247,0,10,3,28,38,13,48,4,0,8,0,3,1,4,37.5
775-38-3670,6,12,2,22,35,9,54,1,3,3,7,2,0,0,39.5
377-78-1917,2,8,3,6,15,6,16,4,1,3,8,3,1,2,19.5
749-20-7280,4,9,0,40,24,7,68,4,3,1,8,1,0,4,52.1
519-08-6667,5,9,0,12,11,7,31,3,3,5,10,1,5,1,28.8
593-45-4394,6,10,4,12,5,14,8,3,2,9,6,5,5,3,14.2
800-30-0204,1,8,5,32,39,0,65,3,1,6,9,0,3,5,68.6
603-90-5815,0,10,4,4,18,10,52,1,2,5,0,0,2,2,39.1
887-29-8128,7,11,2,41,31,12,46,4,2,11,2,2,4,5,38.3
318-62-6604,1,12,5,35,42,1,94,1,2,8,12,5,1,5,91.4
753-72-1954,0,11,0,17,2,2,65,2,2,4,10,4,0,2,55.5
605-76-9919,1,11,4,8,3,12,37,0,0,12,2,1,3,3,36.7
768-92-8424,7,9,4,28,9,8,95,2,2,10,3,2,2,0,82.2
630-38-4410,7,10,4,15,42,2,94,2,2,3,3,3,2,5,82.8
416-14-6393,1,10,1,13,36,9,63,3,0,3,0,5,1,0,46.3
667-64-4755,4,10,3,28,1,12,60,4,3,0,1,0,3,0,36.9
536-87-3633,1,9,1,25,23,12,80,0,3,5,7,5,0,0,64.9
547-20-6065,7,8,5,12,24,6,35,1,2,1,5,4,3,2,38.2
529-98-7186,7,12,3,41,7,19,93,4,1,12,12,5,5,4,83.7
779-25-4836,6,11,1,6,17,16,41,1,1,9,6,1,2,4,35.3
256-07-6432,1,8,2,24,39,15,87,4,1,5,11,1,1,0,71.5
158-26-8724,5,11,3,38,27,8,38,4,0,12,8,5,2,5,43.3
787-51-1316,1,12,2,22,28,13,72,2,0,1,10,5,1,4,60.2
642-25-7754,3,8,5,17,4,0,48,3,2,2,5,5,1,5,50.3
755-60-9788,7,8,2,30,7,4,52,3,0,4,6,4,1,4,53.4
631-06-6493,7,8,3,35,4,3,9,1,0,10,8,1,4,0,25.1
828-17-0672,2,10,3,4,32,20,20,2,0,8,3,4,2,3,17.3
202-27-1756,2,8,2,33,4,9,44,3,2,6,8,2,1,4,41.6
723-13-6437,4,11,0,11,27,3,33,2,1,4,3,5,0,3,27.8
217-33-4098,5,12,0,36,25,0,35,0,3,9,4,3,3,5,34.7
630-68-6446,4,12,2,26,27,3,47,0,2,6,12,2,4,0,47.1
481-90-0850,5,12,1,22,9,0,7,4,3,12,3,0,5,1,6.5
858-33-7960,0,12,4,30,2,9,98,1,2,12,7,3,0,3,84.5
192-50-3199,7,10,5,3,38,10,92,4,1,2,10,1,4,5,82.5
324-90-4078,7,9,3,21,0,4,97,4,0,1,9,2,3,3,87.7
494-47-8475,3,9,5,2,32,0,24,0,3,1,12,0,0,5,32.8
251-65-4992,4,8,4,41,12,3,25,0,0,3,4,1,1,3,32
787-86-7382,6,11,5,1,23,2,86,2,0,3,6,4,5,0,79.9
580-46-3530,5,11,0,39,12,15,84,0,1,12,3,2,4,5,71.9
751-70-3991,2,10,5,41,42,13,37,0,3,9,8,3,3,4,39.4
717-88-3084,5,12,5,29,39,0,10,1,1,0,11,1,5,3,20.4
211-99-2561,5,10,3,30,9,11,70,1,3,9,8,2,2,4,63.4
895-09-7414,4,10,1,32,22,14,85,2,3,2,11,2,1,1,66
325-53-1251,0,8,0,36,20,1,28,0,1,8,11,5,2,3,40.3
373-52-5906,0,12,1,9,8,18,40,1,2,1,6,2,3,1,23
383-17-9722,4,10,5,10,33,7,67,1,1,1,6,0,2,1,58
110-28-0674,1,10,3,10,22,15,58,3,3,5,8,3,4,1,45.7
193-56-3595,2,11,5,34,18,2,11,0,0,2,1,5,4,1,17
506-70-6802,1,8,2,16,20,6,88,4,0,4,10,2,0,0,76.9
190-27-5331,0,10,1,9,40,4,63,0,3,5,7,0,4,5,56.4
151-96-7538,5,12,0,12,38,18,94,1,1,5,0,3,1,0,64.5
467-38-1171,7,12,2,35,37,13,77,1,2,5,9,5,0,1,63
203-33-9753,2,9,5,5,11,9,57,4,1,2,10,3,5,3,55.4
185-39-8015,0,11,0,28,11,8,58,4,2,0,12,2,0,3,43.4
313-08-9678,5,9,1,26,37,0,88,0,2,1,1,0,2,3,73.1
602-11-7100,2,12,1,13,11,14,53,1,1,2,3,1,1,0,33.2
453-82-0553,7,8,0,20,42,19,62,0,2,9,5,4,3,2,54.2
843-08-7046,5,9,1,15,37,4,65,4,0,12,5,1,0,0,58.4
150-21-3930,5,9,2,12,10,10,51,1,1,2,2,1,5,3,43.7
781-91-5379,7,11,5,18,38,15,86,4,2,7,5,1,2,1,67.2
606-17-5760,5,9,4,6,0,3,85,3,0,12,12,1,3,3,88.5
135-71-4371,6,9,3,6,17,3,18,1,1,4,1,0,4,5,22.7
888-51-6281,1,11,4,4,3,14,21,0,0,3,9,2,1,4,23.2
273-12-4359,1,11,5,16,12,18,87,1,1,12,8,2,0,2,75
202-56-1568,7,12,1,8,16,7,9,3,2,12,1,2,5,5,10.2
548-40-3319,7,9,5,4,28,5,3,3,3,2,4,2,1,1,4.6
424-85-6288,7,11,1,29,4,0,8,1,2,4,10,5,5,2,18.7
823-16-8935,3,12,5,22,0,14,73,0,1,8,10,5,4,3,70.1
391-65-1832,4,12,1,1,3,8,42,1,0,7,12,4,0,0,40.9
743-45-9060,6,12,1,6,25,1,26,4,0,7,2,2,3,3,23.6
530-29-7473,6,10,2,24,6,5,86,2,2,9,6,3,1,5,78
592-83-5922,5,9,5,0,6,10,57,4,0,12,1,0,2,4,53.2
513-31-9742,5,11,2,20,7,11,7,0,1,3,5,3,3,1,7.7
844-71-4538,5,9,0,36,16,12,26,0,0,9,10,3,2,3,33.3
268-50-0737,7,11,4,2,5,0,17,1,2,6,0,2,4,3,20.4
601-64-0800,2,11,3,32,38,1,34,1,0,4,6,5,0,1,35.6
472-04-3327,2,10,1,37,25,13,16,4,1,2,7,5,5,3,13.9
404-49-8509,4,9,0,36,21,9,87,3,3,8,8,3,5,3,75.1
129-13-2000,4,10,5,19,32,17,74,1,0,10,1,2,2,1,62.7
431-81-7853,7,10,5,41,31,3,70,4,2,9,9,0,0,4,66.6
492-44-7332,1,11,1,30,31,7,4,0,3,12,0,4,1,2,3.6
873-58-9689,5,8,1,20,19,9,40,4,2,3,0,3,4,4,31.4
152-89-1103,0,10,2,21,12,14,3,1,1,6,1,4,3,1,1.1
615-80-7068,4,8,5,10,6,11,22,4,2,0,5,5,4,3,22.4
899-82-0144,4,8,2,24,31,13,44,3,1,0,9,2,1,1,36.8
470-53-0897,2,12,3,11,18,4,92,3,3,2,7,0,3,4,72.8
595-17-2729,4,10,5,34,19,14,99,0,3,10,1,5,3,2,83.9
811-30-9692,1,12,1,5,10,4,32,4,1,12,4,2,1,2,26.6
554-61-1993,2,10,3,38,42,20,9,1,2,2,11,3,1,2,7.5
209-82-9382,3,10,1,15,16,2,10,3,2,12,7,5,3,4,20
665-63-5935,4,10,4,39,19,16,29,3,0,7,8,3,2,5,31.2
837-47-2160,3,12,3,35,13,18,5,4,2,5,1,3,0,0,-8.9
641-24-3292,3,10,0,16,25,11,13,2,2,2,9,5,3,5,14.3
183-63-5022,3,9,4,16,33,0,86,3,0,9,10,5,1,0,85.9
761-56-6331,7,12,0,10,3,14,4,3,3,12,7,5,0,4,3.1
645-08-6914,4,9,0,22,33,13,48,3,2,8,11,4,3,1,43.8
545-07-0885,6,8,3,31,23,20,49,0,2,5,0,2,5,3,40.3
124-97-7216,2,8,1,29,35,12,61,3,2,9,11,2,0,2,54.9
389-63-9822,2,9,5,22,12,5,46,1,0,8,0,2,2,1,45.2
332-16-2019,1,9,4,5,16,20,35,1,0,6,9,1,2,5,35.8
106-82-9003,5,12,3,41,21,2,22,0,1,9,5,3,1,5,28.9
836-29-0100,2,8,1,2,21,3,75,4,3,7,12,5,1,3,70.7
443-29-8463,2,8,1,38,39,5,22,1,0,4,8,3,4,4,31.4
442-63-2299,3,12,1,27,31,14,87,3,0,0,10,5,2,0,67.4
324-75-8283,4,11,5,37,27,0,88,1,0,0,9,3,3,5,85.3
881-85-3665,4,12,5,22,32,5,57,2,1,2,3,4,3,3,49.5
244-14-8288,3,10,2,8,20,4,71,4,1,1,0,4,1,2,53.8
299-75-4444,7,12,3,18,20,15,79,0,0,9,5,3,5,4,71.8
253-91-2039,1,8,5,28,42,8,53,0,1,9,3,3,5,0,54.8
321-13-3127,7,11,1,41,21,15,82,4,0,6,5,4,0,3,64.4
217-32-6079,1,8,5,6,17,5,6,3,3,4,8,0,1,4,12
830-44-4101,3,8,0,28,12,3,83,1,1,2,4,4,4,4,75.2
543-29-5998,3,8,2,10,23,12,96,0,1,12,1,2,2,2,84
524-28-4003,1,8,3,11,6,1,50,0,0,0,4,2,4,3,51.7
182-87-0920,6,12,3,11,16,8,80,3,2,0,12,0,5,3,67.2
834-68-3191,1,12,3,15,17,0,85,2,3,1,2,3,0,3,64.7
711-68-8981,6,9,0,28,38,16,35,2,0,4,5,3,3,4,30.9
502-49-3276,3,9,3,3,15,0,29,3,0,3,3,0,1,2,28.5
270-76-4825,1,8,1,34,4,15,73,1,1,2,9,3,1,5,63.9
113-96-4627,6,9,1,40,20,1,67,3,0,6,6,2,1,0,61.3
614-07-9913,4,10,2,3,6,5,40,2,3,7,12,5,0,0,39.8
273-89-0030,7,8,2,8,0,12,45,3,1,4,0,2,0,3,35
258-03-4759,7,8,3,28,20,9,51,2,0,10,6,5,3,1,55.5
555-74-5914,6,8,4,38,31,13,39,4,2,1,6,1,3,4,33.7
769-09-6746,2,8,0,42,33,16,100,4,3,9,11,5,1,1,82.2
873-64-6629,2,10,3,41,31,20,21,3,3,10,10,2,0,1,15.5
576-60-0141,7,8,3,39,21,4,79,1,3,4,7,4,4,0,73.5
849-55-1000,2,9,4,9,21,7,7,3,3,12,3,2,0,3,10.3
529-60-9983,0,11,5,24,9,11,6,4,0,2,11,0,4,0,7.8
714-44-0636,7,9,4,26,37,1,30,2,3,7,2,0,4,3,31.7
195-87-7803,2,11,5,34,31,2,72,0,0,2,2,3,5,5,68.8
827-70-4178,0,10,5,9,39,20,37,4,1,8,3,5,2,2,28.5
277-82-0955,1,11,2,13,27,17,19,4,3,4,5,0,2,5,6.7
504-10-3149,5,8,2,32,12,13,39,4,0,12,11,2,2,3,44.3
258-11-3668,4,12,1,33,41,11,76,1,3,2,9,2,3,4,60.1
605-26-9572,7,9,0,3,34,11,59,3,3,8,6,1,5,0,47.7
540-46-8694,3,9,3,28,42,6,10,0,3,10,11,0,2,2,20.3
520-42-1963,1,11,1,21,27,2,56,2,2,5,6,0,2,3,46.5
750-12-2770,0,9,0,10,15,4,57,4,3,12,10,3,0,2,51.6
623-84-4932,3,10,1,32,26,10,2,1,0,6,7,0,3,0,5.4
830-36-0615,3,11,3,17,29,12,39,0,2,8,5,1,1,5,35.1
889-31-2206,6,8,0,30,12,12,91,4,3,1,7,3,2,0,68.9
545-07-6926,7,8,5,12,12,15,34,1,0,6,9,3,3,0,40.1
177-03-6051,5,10,0,39,29,2,28,0,0,2,1,2,2,4,27.1
123-07-3061,6,8,4,37,3,10,81,2,1,8,1,2,3,0,70.5
199-32-9596,2,11,4,10,18,14,69,3,1,9,8,3,2,0,58.3
537-81-3844,2,9,3,39,42,2,66,3,0,10,5,0,3,4,65.2
701-09-8034,3,10,5,18,29,2,24,0,1,1,9,2,0,2,30
805-86-4981,2,9,1,12,12,14,35,4,3,11,1,5,1,2,24.6
164-62-0864,5,9,2,27,24,16,15,0,3,12,8,5,0,5,21.6
555-49-0367,2,12,1,11,28,17,55,2,0,2,3,0,2,4,36.5
447-77-7417,6,8,5,13,21,13,76,2,2,5,4,0,5,4,67.9
865-73-1884,1,11,5,2,24,17,85,3,1,7,2,3,1,5,67.2
873-69-7312,1,9,5,28,5,12,22,4,0,5,5,4,1,5,24.5
851-06-8816,1,12,3,11,3,11,88,1,0,11,6,3,4,4,79.5
496-88-1873,4,10,1,41,35,9,54,0,1,9,1,4,5,2,49.4
533-14-0286,5,9,0,16,22,5,100,2,0,11,7,5,2,3,93.8
867-93-4453,0,8,2,23,34,5,35,2,3,1,9,4,3,4,35.6
594-93-7129,0,11,5,8,42,12,83,3,0,7,4,2,3,0,68
132-89-5737,5,11,0,21,15,18,40,0,1,11,1,0,1,4,29.3
764-65-2236,2,10,2,21,12,4,83,3,3,12,2,2,2,3,69.5
452-51-7540,0,8,4,30,7,5,61,0,3,11,6,3,1,3,61.7
103-87-6019,5,12,5,24,12,4,15,0,0,6,0,4,2,1,18.4
521-75-8902,2,8,4,11,29,16,21,2,3,12,6,2,0,3,22
538-62-1223,3,10,4,42,32,19,3,0,2,1,10,4,3,3,6.7
578-99-0034,2,10,1,20,25,12,78,1,0,10,10,3,0,1,70.4
824-03-2298,0,10,4,0,17,4,45,3,2,4,3,5,5,2,40.9
118-87-2614,4,10,5,42,15,4,55,2,2,8,12,0,5,5,60.9
622-60-8770,2,10,3,30,23,8,28,3,0,6,11,4,2,4,34.5
578-76-7162,3,10,0,26,25,20,43,0,1,1,4,1,2,0,26.4
270-28-7512,3,9,4,0,38,0,42,0,2,5,3,3,2,5,45.9
785-31-9335,7,12,5,10,39,8,15,4,1,2,7,4,2,5,17.1
476-55-7289,1,11,3,28,22,8,22,2,0,0,10,0,4,2,22
877-61-8759,5,9,2,30,23,0,17,3,3,2,1,3,0,2,13
504-93-7588,5,9,0,32,25,7,50,0,2,2,1,5,4,4,43.7
437-69-7457,0,10,0,23,25,5,37,0,0,9,2,4,5,3,38.6
438-51-1619,5,9,3,27,21,20,10,2,2,6,6,5,0,1,7.9
370-82-6833,2,9,0,42,26,6,33,1,1,5,0,0,2,2,25.5
151-57-6392,4,11,0,9,17,8,38,1,1,6,6,5,3,5,37.2
770-79-7988,2,11,0,33,28,6,45,2,2,4,12,0,4,5,41.8
693-64-7636,0,11,0,19,7,7,8,0,1,3,8,4,3,1,10
312-04-3741,5,10,4,40,3,12,93,4,1,6,6,3,1,2,77.2
527-71-0137,0,11,4,27,1,20,68,3,0,11,7,0,4,1,55.9
347-85-4527,1,12,5,14,14,11,60,4,0,2,1,3,2,0,42.4
515-36-4152,6,10,3,15,5,14,64,2,1,0,5,4,2,1,50.6
447-73-5967,3,10,3,41,30,19,89,1,0,0,7,4,3,5,74.8
226-59-8851,3,11,0,32,12,17,92,0,0,6,8,2,2,4,76.7
739-17-4672,4,8,1,10,16,4,6,2,0,3,9,1,4,2,16.2
712-86-5644,3,8,4,12,21,9,42,2,1,4,9,3,4,3,46.2
205-86-9457,3,8,1,30,10,0,10,3,2,5,7,3,3,0,15.8
116-06-0398,0,9,0,7,24,9,45,3,3,12,2,0,1,2,33
662-22-6978,5,9,0,38,4,10,81,1,1,4,5,2,3,0,66.6
360-16-7951,4,10,4,5,9,8,73,0,3,3,1,4,2,4,61.1
701-07-5591,4,11,1,17,36,11,98,2,0,11,3,3,5,2,83.6
577-26-9575,5,8,4,25,24,20,19,1,3,11,11,5,2,0,24.7
221-09-4531,6,8,3,19,2,8,87,1,3,5,9,3,1,3,79.5
556-38-8051,1,12,0,8,0,14,77,2,1,9,5,1,5,1,58.9
448-12-2809,6,9,4,32,28,11,26,3,1,8,7,1,5,1,29.5
620-01-0297,2,10,1,42,15,2,35,1,2,10,2,3,5,5,37.4
670-91-4349,7,8,1,42,12,11,19,1,1,11,9,1,0,5,28.1
797-77-3099,7,8,1,33,32,6,69,1,1,4,0,3,2,4,60.9
782-45-9981,7,8,2,23,33,10,3,1,0,11,11,1,3,5,21.7
723-38-6457,2,10,5,10,15,13,72,3,0,8,1,0,5,0,59
539-84-4291,4,9,3,38,16,17,90,0,1,0,3,0,5,2,71.5
667-85-6949,4,9,1,35,3,15,54,3,2,12,10,3,0,1,47.8
773-07-7036,7,8,1,41,12,7,60,3,2,8,5,1,3,3,54.6
745-40-3540,6,12,3,15,1,10,97,2,0,12,6,0,0,5,84.7
759-41-8167,5,8,1,1,34,15,7,2,0,6,3,5,5,2,11.8
291-98-8724,1,10,1,33,35,16,0,4,2,1,2,0,4,2,-11.1
183-17-9122,2,10,4,16,16,5,92,3,1,9,4,0,1,5,80.6
237-89-8091,7,12,4,36,30,13,47,4,3,8,8,1,0,4,36.9
711-52-6344,1,11,0,5,11,16,47,1,0,2,6,1,4,0,33.3
589-73-0183,2,12,4,38,29,8,26,0,2,6,9,4,1,3,28.3
438-49-1509,3,9,4,38,9,2,44,3,2,0,2,2,2,0,35.3
306-37-9255,0,9,4,39,27,17,65,0,1,7,10,1,0,4,60.1
494-70-8243,3,11,3,15,6,12,99,2,0,9,2,5,0,0,80.4
197-72-7370,3,11,5,24,20,6,68,3,1,1,2,0,4,2,54
882-90-0870,7,8,0,22,2,6,15,4,0,0,2,2,0,5,13
472-93-9619,5,8,3,29,25,20,15,3,0,5,3,2,4,1,12.9
677-57-0543,3,8,0,27,37,3,96,1,1,3,0,3,1,3,79.9
738-09-9095,6,9,3,39,26,3,33,3,1,3,8,0,4,2,35.4
420-59-1333,7,10,2,30,42,18,80,1,2,6,4,0,1,4,62.2
296-14-4615,2,9,2,42,15,19,46,4,3,1,8,3,2,3,31.6
677-51-6289,0,12,4,9,16,1,18,4,0,11,8,3,3,0,24.1
626-83-7786,2,11,3,42,13,6,22,4,0,0,1,0,0,4,12.9
799-70-1586,7,9,4,4,8,10,57,1,3,0,12,1,1,3,52.5
463-22-7198,2,12,3,16,36,2,59,4,3,9,3,5,3,2,48.9
338-83-0333,5,8,2,8,20,11,30,2,1,11,9,3,5,0,36.9
292-32-2113,3,9,0,34,28,8,89,3,1,1,7,5,0,4,73.8
874-89-7666,1,9,1,8,18,13,74,4,0,10,2,2,3,1,59.4
425-98-1688,3,9,4,40,34,16,20,1,3,7,7,0,3,0,17.4
596-10-0187,0,9,1,7,28,9,63,0,2,11,12,0,5,0,61.6
615-72-8723,7,8,2,24,17,3,63,4,1,4,6,4,4,4,61.9
333-66-0570,3,12,0,24,31,19,66,2,0,3,8,4,4,2,50.4
267-36-1194,7,10,5,40,18,20,97,4,1,12,10,1,5,0,84.6
487-26-4286,1,9,3,40,28,19,16,3,3,12,3,1,4,2,11.3
632-43-0728,2,9,0,32,0,15,15,4,0,0,4,5,5,2,9.8
715-63-8780,0,10,0,18,26,10,22,4,0,4,12,3,1,2,21
412-87-5302,0,11,2,32,14,5,25,2,3,1,3,3,2,3,16.4
618-06-0191,5,9,4,34,17,20,81,2,2,8,4,1,2,4,66.2
712-54-4168,1,11,5,34,14,9,31,3,1,12,4,3,1,5,32.6
483-82-7755,3,12,0,17,33,12,82,0,0,11,1,0,5,1,65.6
484-88-9224,1,9,4,38,11,2,64,3,3,9,9,0,2,5,62.5
621-34-5264,0,12,2,40,21,15,71,3,0,7,10,2,2,4,59.4
158-80-9540,7,10,4,17,32,19,76,3,2,11,10,5,1,2,67.7
749-95-3173,7,8,0,22,5,17,58,4,0,8,3,3,0,5,48.1
410-61-8578,4,9,0,35,0,0,80,4,2,8,2,1,1,1,64.6
784-40-0431,5,10,5,27,1,10,33,2,3,12,4,3,5,2,34.8
140-76-0311,1,9,1,12,41,14,6,0,0,8,11,0,0,5,14.7
667-26-8163,6,10,1,28,27,1,40,4,2,4,7,4,3,0,36.1
615-78-4484,0,11,4,28,9,5,49,0,2,8,9,0,0,3,47.3
430-27-2899,6,10,3,0,21,3,4,0,2,2,5,4,0,0,8.1
755-19-5143,7,12,1,8,12,0,68,4,3,7,5,2,2,0,53.2
356-77-4221,6,12,5,34,14,5,53,3,2,4,0,1,4,1,40.5
112-21-3307,0,10,5,26,31,3,10,1,2,11,11,3,4,4,26.8
715-54-1544,7,11,5,23,42,20,34,0,1,8,3,5,2,1,30.4
275-59-1270,7,9,2,38,23,12,32,4,0,0,9,0,2,4,29
490-21-2853,5,9,3,33,16,10,40,1,0,3,1,0,0,2,32.9
733-67-8569,4,9,0,38,19,20,25,0,1,3,12,1,1,2,22.2
630-40-7221,7,12,3,8,11,12,31,4,3,5,10,3,0,0,21.8
617-43-7561,7,10,1,21,38,5,58,3,2,12,4,5,3,3,55
264-67-3688,5,12,0,26,27,7,83,3,2,10,1,4,4,1,64.4
410-03-9733,4,12,0,39,21,19,67,0,0,11,1,5,3,1,52.2
157-57-7399,5,12,3,39,38,6,44,4,0,1,6,1,3,1,34.8
590-76-4265,4,11,2,2,35,10,61,0,3,10,11,1,5,1,57.1
566-86-3629,3,11,5,29,28,9,73,0,3,12,12,0,5,5,74.1
229-13-1288,7,12,4,39,19,17,15,1,1,0,12,0,3,2,13.8
350-80-4743,6,9,0,37,28,19,28,3,3,9,7,2,1,4,21
159-49-0972,1,9,5,20,11,4,66,3,2,0,10,4,2,4,62.7
171-06-0244,0,12,5,33,6,20,21,3,1,7,3,2,4,0,11.2
127-83-8346,2,12,0,7,38,7,93,4,2,2,12,0,4,3,73.4
168-49-0814,7,9,0,39,5,15,87,4,1,3,1,5,1,5,66.5
381-68-8275,1,12,2,11,18,11,97,3,2,1,4,4,4,3,72.8
757-76-1777,4,12,2,6,36,9,3,1,2,10,2,5,0,5,5.1
586-11-7292,5,11,0,35,35,2,85,2,3,12,8,4,5,0,76.3
777-95-8591,5,11,5,19,42,6,11,1,3,2,12,4,1,1,16.7
415-28-9279,2,12,0,42,31,14,79,2,1,1,0,1,0,1,49
573-56-8778,6,9,2,8,0,17,3,1,2,1,2,3,2,3,-0.6
